year,country,player,position,overall,canKick
2023,France,Dorian Aldegheri,Pilier,85,false
2023,France,Uini Atonio,Pilier,89,false
2023,France,Cyril Baille,Pilier,94,false
2023,France,Sipili Falatea,Pilier,82,false
2023,France,Jean-Baptiste Gros,Pilier,86,false
2023,France,Reda Wardi,Pilier,84,false
2023,France,Pierre Bourgarit,Talonneur,88,false
2023,France,Julien Marchand,Talonneur,89,false
2023,France,Peato Mauvaka,Talonneur,91,false
2023,France,Bastien Chalureau,DeuxiemeLigne,90,false
2023,France,Thibaud Flament,DeuxiemeLigne,90,false
2023,France,Romain Taofifénua,DeuxiemeLigne,83,false
2023,France,Paul Willemse  ,DeuxiemeLigne,81,false
2023,France,Cameron Woki,DeuxiemeLigne,86,false
2023,France,Paul Boudehent,TroisiemeLigneAile,89,false
2023,France,François Cros,TroisiemeLigneAile,89,false
2023,France,Anthony Jelonch,TroisiemeLigneAile,87,false
2023,France,Sekou Macalou,TroisiemeLigneAile,82,false
2023,France,Charles Ollivon,TroisiemeLigneAile,91,false
2023,France,Grégory Alldritt,TroisiemeLigneCentre,95,false
2023,France,Baptiste Couilloud,DemiDeMelee,91,false
2023,France,Antoine Dupont  ,DemiDeMelee,99,false
2023,France,Maxime Lucu,DemiDeMelee,86,true
2023,France,Antoine Hastoy,DemiOuverture,89,true
2023,France,Matthieu Jalibert,DemiOuverture,89,true
2023,France,Jonathan Danty,Centre,88,false
2023,France,Gaël Fickou,Centre,90,false
2023,France,Yoram Moefana,Centre,84,false
2023,France,Arthur Vincent,Centre,81,false
2023,France,Louis Bielle-Biarrey,Ailier,88,false
2023,France,Damian Penaud,Ailier,95,false
2023,France,Gabin Villière,Ailier,79,false
2023,France,Melvyn Jaminet,Arriere,84,true
2023,France,Thomas Ramos,Arriere,94,true
2023,Italie,Pietro Ceccarelli,Pilier,72,false
2023,Italie,Simone Ferrari,Pilier,72,false
2023,Italie,Danilo Fischetti,Pilier,81,false
2023,Italie,Ivan Nemer,Pilier,72,false
2023,Italie,Marco Riccioni,Pilier,71,false
2023,Italie,Federico Zani,Pilier,66,false
2023,Italie,Luca Bigi  ,Talonneur,72,false
2023,Italie,Hame Faiva,Talonneur,69,false
2023,Italie,Marco Manfredi,Talonneur,67,false
2023,Italie,Giacomo Nicotera,Talonneur,69,false
2023,Italie,Niccolò Cannone,DeuxiemeLigne,77,false
2023,Italie,Dino Lamb,DeuxiemeLigne,72,false
2023,Italie,Federico Ruzza,DeuxiemeLigne,82,false
2023,Italie,David Sisi,DeuxiemeLigne,66,false
2023,Italie,Michele Lamaro  ,TroisiemeLigneAile,85,false
2023,Italie,Sebastian Negri,TroisiemeLigneAile,83,false
2023,Italie,Giovanni Pettinelli,TroisiemeLigneAile,72,false
2023,Italie,Manuel Zuliani,TroisiemeLigneAile,66,false
2023,Italie,Lorenzo Cannone,TroisiemeLigneCentre,82,false
2023,Italie,Toa Halafihi,TroisiemeLigneCentre,68,false
2023,Italie,Alessandro Fusco,DemiDeMelee,78,false
2023,Italie,Alessandro Garbisi,DemiDeMelee,72,false
2023,Italie,Martin Page-Relo,DemiDeMelee,70,false
2023,Italie,Stephen Varney,DemiDeMelee,70,false
2023,Italie,Tommaso Allan,DemiOuverture,81,true
2023,Italie,Giacomo Da Re,DemiOuverture,73,true
2023,Italie,Paolo Garbisi,DemiOuverture,84,true
2023,Italie,Juan Ignacio Brex,Centre,82,false
2023,Italie,Luca Morisi,Centre,70,false
2023,Italie,Pierre Bruno,Ailier,73,false
2023,Italie,Monty Ioane,Ailier,81,false
2023,Italie,Paolo Odogwu,Ailier,69,false
2023,Italie,Ange Capuozzo,Arriere,85,false
2023,Italie,Lorenzo Pani,Arriere,66,false
2023,Namibie,Jason Benade  ,Pilier,62,false
2023,Namibie,Aranos Coetzee,Pilier,57,false
2023,Namibie,Desiderius Sethie  ,Pilier,59,false
2023,Namibie,Haitembu Shikufa,Pilier,57,false
2023,Namibie,Casper Viviers,Pilier,52,false
2023,Namibie,Obert Nortjé  ,Talonneur,58,false
2023,Namibie,Louis van der Westhuizen,Talonneur,54,false
2023,Namibie,Torsten van Jaarsveld,Talonneur,52,false
2023,Namibie,Tiaan de Klerk  ,DeuxiemeLigne,62,false
2023,Namibie,Adriaan Ludick  ,DeuxiemeLigne,58,false
2023,Namibie,Mahepisa Tjeriko,DeuxiemeLigne,54,false
2023,Namibie,Tjiuee Uanivi,DeuxiemeLigne,56,false
2023,Namibie,Pieter-Jan van Lill,DeuxiemeLigne,55,false
2023,Namibie,Adriaan Booysen  ,TroisiemeLigneAile,59,false
2023,Namibie,Wian Conradie,TroisiemeLigneAile,71,false
2023,Namibie,Prince Gaoseb,TroisiemeLigneAile,56,false
2023,Namibie,Richard Hardwick,TroisiemeLigneAile,72,false
2023,Namibie,Max Katjijeko,TroisiemeLigneCentre,61,false
2023,Namibie,Johan Retief,TroisiemeLigneCentre,55,false
2023,Namibie,Oela Blaauw,DemiDeMelee,65,false
2023,Namibie,Damian Stevens,DemiDeMelee,61,false
2023,Namibie,Jacques Theron,DemiDeMelee,52,false
2023,Namibie,Helarius Kisting,DemiOuverture,64,true
2023,Namibie,Tiaan Swanepoel,DemiOuverture,70,true
2023,Namibie,Andre van den Berg  ,DemiOuverture,52,true
2023,Namibie,Danco Burger,Centre,63,false
2023,Namibie,Johan Deysel  ,Centre,73,false
2023,Namibie,Le Roux Malan  ,Centre,68,false
2023,Namibie,JC Greyling  ,Ailier,66,false
2023,Namibie,Alcino Izaacs  ,Ailier,63,false
2023,Namibie,Gerswin Mouton,Ailier,64,false
2023,Namibie,Chad Plato    ,Ailier,58,false
2023,Namibie,Divan Rossouw  ,Ailier,55,false
2023,Namibie,Lloyd Jacobs,Arriere,61,false
2023,Namibie,Cliven Loubser,Arriere,70,true
2023,Nouvelle_Zélande,Ethan de Groot,Pilier,88,false
2023,Nouvelle_Zélande,Tyrel Lomax,Pilier,88,false
2023,Nouvelle_Zélande,Fletcher Newell,Pilier,85,false
2023,Nouvelle_Zélande,Nepo Laulala,Pilier,83,false
2023,Nouvelle_Zélande,Ofa Tu'ungafasi,Pilier,81,false
2023,Nouvelle_Zélande,Tamaiti Williams,Pilier,77,false
2023,Nouvelle_Zélande,Dane Coles,Talonneur,90,false
2023,Nouvelle_Zélande,Samisoni Taukei'aho,Talonneur,87,false
2023,Nouvelle_Zélande,Codie Taylor,Talonneur,90,false
2023,Nouvelle_Zélande,Scott Barrett,DeuxiemeLigne,89,false
2023,Nouvelle_Zélande,Brodie Retallick,DeuxiemeLigne,92,false
2023,Nouvelle_Zélande,Tupou Vaa'i,DeuxiemeLigne,80,false
2023,Nouvelle_Zélande,Sam Whitelock,DeuxiemeLigne,92,false
2023,Nouvelle_Zélande,Ethan Blackadder,TroisiemeLigneAile,85,false
2023,Nouvelle_Zélande,Sam Cane  ,TroisiemeLigneAile,90,false
2023,Nouvelle_Zélande,Shannon Frizell,TroisiemeLigneAile,87,false
2023,Nouvelle_Zélande,Luke Jacobson,TroisiemeLigneAile,83,false
2023,Nouvelle_Zélande,Dalton Papali'i,TroisiemeLigneAile,86,false
2023,Nouvelle_Zélande,Ardie Savea,TroisiemeLigneCentre,98,false
2023,Nouvelle_Zélande,Finlay Christie,DemiDeMelee,91,false
2023,Nouvelle_Zélande,Cam Roigard,DemiDeMelee,83,false
2023,Nouvelle_Zélande,Aaron Smith,DemiDeMelee,91,false
2023,Nouvelle_Zélande,Beauden Barrett,DemiOuverture,92,true
2023,Nouvelle_Zélande,Damian McKenzie,DemiOuverture,88,true
2023,Nouvelle_Zélande,Richie Mo'unga,DemiOuverture,92,true
2023,Nouvelle_Zélande,Jordie Barrett,Centre,92,true
2023,Nouvelle_Zélande,David Havili,Centre,86,true
2023,Nouvelle_Zélande,Rieko Ioane,Centre,89,false
2023,Nouvelle_Zélande,Anton Lienert-Brown,Centre,86,false
2023,Nouvelle_Zélande,Caleb Clarke,Ailier,90,false
2023,Nouvelle_Zélande,Leicester Fainga'anuku,Ailier,91,false
2023,Nouvelle_Zélande,Emoni Narawa  ,Ailier,82,false
2023,Nouvelle_Zélande,Mark Telea,Ailier,89,false
2023,Nouvelle_Zélande,Will Jordan,Arriere,97,false
2023,Uruguay,Diego Arbelo  ,Pilier,65,false
2023,Uruguay,Matías Benítez  ,Pilier,67,false
2023,Uruguay,Ignacio Péculo  ,Pilier,62,false
2023,Uruguay,Reinaldo Piussi,Pilier,60,false
2023,Uruguay,Mateo Sanguinetti,Pilier,58,false
2023,Uruguay,Facundo Gattas,Talonneur,69,false
2023,Uruguay,Germán Kessler,Talonneur,62,false
2023,Uruguay,Guillermo Pujadas  ,Talonneur,58,false
2023,Uruguay,Felipe Aliaga  ,DeuxiemeLigne,67,false
2023,Uruguay,Ignacio Dotti,DeuxiemeLigne,64,false
2023,Uruguay,Manuel Leindekar,DeuxiemeLigne,61,false
2023,Uruguay,Juan Manuel Rodríguez,DeuxiemeLigne,61,false
2023,Uruguay,Manuel Ardao,TroisiemeLigneAile,81,false
2023,Uruguay,Lucas Bianchi  ,TroisiemeLigneAile,66,false
2023,Uruguay,Santiago Civetta  ,TroisiemeLigneAile,65,false
2023,Uruguay,Eric Dosantos  ,TroisiemeLigneAile,59,false
2023,Uruguay,Carlos Deus,TroisiemeLigneCentre,70,false
2023,Uruguay,Manuel Diana,TroisiemeLigneCentre,59,false
2023,Uruguay,Santiago Álvarez,DemiDeMelee,71,false
2023,Uruguay,Santiago Arata,DemiDeMelee,80,true
2023,Uruguay,Agustín Ormaechea,DemiDeMelee,62,false
2023,Uruguay,Felipe Berchesi,DemiOuverture,67,true
2023,Uruguay,Felipe Etcheverry,DemiOuverture,78,true
2023,Uruguay,Felipe Arcos Pérez  ,Centre,71,false
2023,Uruguay,Nicolás Freitas,Centre,76,false
2023,Uruguay,Tomás Inciarte,Centre,62,false
2023,Uruguay,Andrés Vilaseca  ,Centre,77,false
2023,Uruguay,Juan Manuel Alonso,Ailier,68,false
2023,Uruguay,Baltazar Amaya,Ailier,68,false
2023,Uruguay,Bautista Basso  ,Ailier,62,false
2023,Uruguay,Ignacio Facciolo  ,Ailier,59,false
2023,Uruguay,Gastón Mieres,Arriere,65,false
2023,Uruguay,Rodrigo Silva,Arriere,59,false
2023,Afrique_du_Sud,Steven Kitshoff,Pilier,89,false
2023,Afrique_du_Sud,Vincent Koch,Pilier,87,false
2023,Afrique_du_Sud,Frans Malherbe,Pilier,89,false
2023,Afrique_du_Sud,Ox Nché,Pilier,89,false
2023,Afrique_du_Sud,Trevor Nyakane,Pilier,77,false
2023,Afrique_du_Sud,Bongi Mbonambi,Talonneur,88,false
2023,Afrique_du_Sud,Malcolm Marx  ,Talonneur,93,false
2023,Afrique_du_Sud,Eben Etzebeth,DeuxiemeLigne,97,false
2023,Afrique_du_Sud,Jean Kleyn,DeuxiemeLigne,86,false
2023,Afrique_du_Sud,Franco Mostert,DeuxiemeLigne,88,false
2023,Afrique_du_Sud,Marvin Orie,DeuxiemeLigne,81,false
2023,Afrique_du_Sud,RG Snyman,DeuxiemeLigne,91,false
2023,Afrique_du_Sud,Pieter-Steph du Toit,TroisiemeLigneAile,96,false
2023,Afrique_du_Sud,Deon Fourie,TroisiemeLigneAile,88,false
2023,Afrique_du_Sud,Siya Kolisi  ,TroisiemeLigneAile,92,false
2023,Afrique_du_Sud,Kwagga Smith,TroisiemeLigneAile,88,false
2023,Afrique_du_Sud,Marco van Staden,TroisiemeLigneAile,83,false
2023,Afrique_du_Sud,Duane Vermeulen,TroisiemeLigneCentre,88,false
2023,Afrique_du_Sud,Jasper Wiese,TroisiemeLigneCentre,87,false
2023,Afrique_du_Sud,Faf de Klerk,DemiDeMelee,88,false
2023,Afrique_du_Sud,Jaden Hendrikse,DemiDeMelee,83,false
2023,Afrique_du_Sud,Cobus Reinach,DemiDeMelee,84,false
2023,Afrique_du_Sud,Grant Williams,DemiDeMelee,78,false
2023,Afrique_du_Sud,Manie Libbok,DemiOuverture,87,true
2023,Afrique_du_Sud,Handré Pollard,DemiOuverture,91,true
2023,Afrique_du_Sud,Damian Willemse,DemiOuverture,78,true
2023,Afrique_du_Sud,Damian de Allende,Centre,91,false
2023,Afrique_du_Sud,Lukhanyo Am,Centre,88,false
2023,Afrique_du_Sud,André Esterhuizen,Centre,79,false
2023,Afrique_du_Sud,Jesse Kriel,Centre,88,false
2023,Afrique_du_Sud,Kurt-Lee Arendse,Ailier,89,false
2023,Afrique_du_Sud,Cheslin Kolbe,Ailier,95,false
2023,Afrique_du_Sud,Makazole Mapimpi  ,Ailier,87,false
2023,Afrique_du_Sud,Canan Moodie,Ailier,78,false
2023,Afrique_du_Sud,Willie le Roux,Arriere,87,false
2023,Écosse,Jamie Bhatti,Pilier,78,false
2023,Écosse,Zander Fagerson,Pilier,86,false
2023,Écosse,WP Nel,Pilier,75,false
2023,Écosse,Pierre Schoeman,Pilier,85,false
2023,Écosse,Javan Sebastian,Pilier,72,false
2023,Écosse,Rory Sutherland,Pilier,72,false
2023,Écosse,Ewan Ashman,Talonneur,84,false
2023,Écosse,David Cherry  ,Talonneur,78,false
2023,Écosse,Johnny Matthews,Talonneur,74,false
2023,Écosse,Stuart McInally  ,Talonneur,74,false
2023,Écosse,George Turner,Talonneur,71,false
2023,Écosse,Scott Cummings,DeuxiemeLigne,80,false
2023,Écosse,Grant Gilchrist,DeuxiemeLigne,82,false
2023,Écosse,Richie Gray,DeuxiemeLigne,85,false
2023,Écosse,Sam Skinner,DeuxiemeLigne,74,false
2023,Écosse,Luke Crosbie,TroisiemeLigneAile,81,false
2023,Écosse,Rory Darge,TroisiemeLigneAile,83,false
2023,Écosse,Jamie Ritchie  ,TroisiemeLigneAile,85,false
2023,Écosse,Hamish Watson,TroisiemeLigneAile,84,false
2023,Écosse,Jack Dempsey,TroisiemeLigneCentre,81,false
2023,Écosse,Matt Fagerson,TroisiemeLigneCentre,71,false
2023,Écosse,George Horne,DemiDeMelee,79,true
2023,Écosse,Ali Price,DemiDeMelee,81,false
2023,Écosse,Ben White,DemiDeMelee,83,false
2023,Écosse,Ben Healy,DemiOuverture,85,true
2023,Écosse,Finn Russell,DemiOuverture,91,true
2023,Écosse,Chris Harris,Centre,82,false
2023,Écosse,Huw Jones,Centre,85,false
2023,Écosse,Cameron Redpath,Centre,78,false
2023,Écosse,Sione Tuipulotu,Centre,86,false
2023,Écosse,Darcy Graham,Ailier,85,false
2023,Écosse,Kyle Steyn,Ailier,80,false
2023,Écosse,Duhan van der Merwe,Ailier,90,false
2023,Écosse,Blair Kinghorn,Arriere,86,true
2023,Écosse,Ollie Smith,Arriere,77,false
2023,Irlande,Finlay Bealham,Pilier,84,false
2023,Irlande,Tadhg Furlong,Pilier,94,false
2023,Irlande,David Kilcoyne,Pilier,86,false
2023,Irlande,Jeremy Loughman,Pilier,81,false
2023,Irlande,Tom O'Toole,Pilier,78,false
2023,Irlande,Andrew Porter,Pilier,89,false
2023,Irlande,Rob Herring,Talonneur,85,false
2023,Irlande,Rónan Kelleher,Talonneur,86,false
2023,Irlande,Dan Sheehan,Talonneur,93,false
2023,Irlande,Tadhg Beirne,DeuxiemeLigne,92,false
2023,Irlande,Iain Henderson,DeuxiemeLigne,87,false
2023,Irlande,Joe McCarthy,DeuxiemeLigne,80,false
2023,Irlande,James Ryan,DeuxiemeLigne,88,false
2023,Irlande,Ryan Baird,TroisiemeLigneAile,89,false
2023,Irlande,Peter O'Mahony,TroisiemeLigneAile,88,false
2023,Irlande,Josh van der Flier,TroisiemeLigneAile,92,false
2023,Irlande,Jack Conan,TroisiemeLigneCentre,87,false
2023,Irlande,Caelan Doris,TroisiemeLigneCentre,93,false
2023,Irlande,Craig Casey,DemiDeMelee,82,false
2023,Irlande,Jamison Gibson-Park,DemiDeMelee,91,false
2023,Irlande,Conor Murray,DemiDeMelee,85,true
2023,Irlande,Ross Byrne,DemiOuverture,88,true
2023,Irlande,Jack Crowley,DemiOuverture,85,true
2023,Irlande,Jonathan Sexton  ,DemiOuverture,94,true
2023,Irlande,Bundee Aki,Centre,94,false
2023,Irlande,Robbie Henshaw,Centre,88,false
2023,Irlande,Stuart McCloskey,Centre,84,false
2023,Irlande,Garry Ringrose,Centre,90,false
2023,Irlande,Keith Earls,Ailier,87,false
2023,Irlande,Mack Hansen,Ailier,90,false
2023,Irlande,James Lowe,Ailier,90,false
2023,Irlande,Hugo Keenan,Arriere,91,false
2023,Irlande,Jimmy O'Brien,Arriere,82,false
2023,Roumanie,Costel Burțilă,Pilier,62,false
2023,Roumanie,Thomas Crețu,Pilier,60,false
2023,Roumanie,Gheorghe Gajion,Pilier,55,false
2023,Roumanie,Alexandru Gordaș,Pilier,53,false
2023,Roumanie,Iulian Hartig  ,Pilier,51,false
2023,Roumanie,Alexandru Savin  ,Pilier,54,false
2023,Roumanie,Florin Bărdașu  ,Talonneur,61,false
2023,Roumanie,Ovidiu Cojocaru  ,Talonneur,56,false
2023,Roumanie,Rob Irimescu,Talonneur,50,false
2023,Roumanie,Ștefan Iancu  ,DeuxiemeLigne,58,false
2023,Roumanie,Marius Iftimiciuc,DeuxiemeLigne,54,false
2023,Roumanie,Adrian Moțoc,DeuxiemeLigne,55,false
2023,Roumanie,Cristi Boboc  ,TroisiemeLigneAile,63,false
2023,Roumanie,Mihai Macovei  ,TroisiemeLigneAile,67,false
2023,Roumanie,Vlad Neculau  ,TroisiemeLigneAile,57,false
2023,Roumanie,Florian Roșu  ,TroisiemeLigneAile,56,false
2023,Roumanie,Dragoș Ser  ,TroisiemeLigneAile,58,false
2023,Roumanie,Damian Strătilă  ,TroisiemeLigneAile,56,false
2023,Roumanie,Cristian Chirică  ,TroisiemeLigneCentre,68,false
2023,Roumanie,André Gorin,TroisiemeLigneCentre,55,false
2023,Roumanie,Alin Conache  ,DemiDeMelee,64,false
2023,Roumanie,Gabriel Rupanu  ,DemiDeMelee,59,false
2023,Roumanie,Florin Surugiu  ,DemiDeMelee,51,false
2023,Roumanie,Tudor Boldor  ,DemiOuverture,58,true
2023,Roumanie,Mihai Mureșan    ,DemiOuverture,59,true
2023,Roumanie,Luca Nichitean,DemiOuverture,53,true
2023,Roumanie,Gabriel Pop    ,DemiOuverture,51,true
2023,Roumanie,Alexandru Bucur  ,Centre,60,false
2023,Roumanie,Taylor Gontineac  ,Centre,66,false
2023,Roumanie,Mihai Graure,Centre,57,false
2023,Roumanie,Tevita Manumua  ,Centre,55,false
2023,Roumanie,Jason Tomane  ,Centre,55,false
2023,Roumanie,Nicolas Onuțu,Ailier,64,false
2023,Roumanie,Taliauli Sikuea  ,Ailier,62,false
2023,Roumanie,Marius Simionescu  ,Ailier,64,false
2023,Roumanie,Fonovai Tangimana  ,Ailier,64,false
2023,Roumanie,Sioeli Lama  ,Arriere,60,true
2023,Roumanie,Paul Popoaia    ,Arriere,55,false
2023,Roumanie,Hinckley Vaovasa    ,Arriere,66,false
2023,Tonga,Joe 'Apikotoa,Pilier,72,false
2023,Tonga,Siegfried Fisi'ihoi,Pilier,73,false
2023,Tonga,Feao Fotuaika  ,Pilier,72,false
2023,Tonga,Tau Koloamatangi,Pilier,66,false
2023,Tonga,Paula Latu  ,Pilier,67,false
2023,Tonga,Ben Tameifuna,Pilier,81,false
2023,Tonga,Siate Tokolahi,Pilier,67,false
2023,Tonga,Sione Anga'aelangi,Talonneur,75,false
2023,Tonga,Siua Maile  ,Talonneur,70,false
2023,Tonga,Sam Moli,Talonneur,69,false
2023,Tonga,Paula Ngauamo,Talonneur,66,false
2023,Tonga,Adam Coleman,DeuxiemeLigne,74,false
2023,Tonga,Leva Fifita,DeuxiemeLigne,70,false
2023,Tonga,Sam Lousi,DeuxiemeLigne,65,false
2023,Tonga,Steve Mafi,DeuxiemeLigne,66,false
2023,Tonga,Penitoa Finau,TroisiemeLigneAile,74,false
2023,Tonga,Solomone Funaki    ,TroisiemeLigneAile,70,false
2023,Tonga,Tanginoa Halaifonua,TroisiemeLigneAile,71,false
2023,Tonga,Sione Havili Talitui,TroisiemeLigneAile,68,false
2023,Tonga,Semisi Paea  ,TroisiemeLigneAile,65,false
2023,Tonga,Vaea Fifita,TroisiemeLigneCentre,82,false
2023,Tonga,Sione Vailanu,TroisiemeLigneCentre,64,false
2023,Tonga,Manu Paea,DemiDeMelee,72,false
2023,Tonga,Augustine Pulu,DemiDeMelee,66,false
2023,Tonga,Sonatane Takulua  ,DemiDeMelee,78,true
2023,Tonga,William Havili,DemiOuverture,75,true
2023,Tonga,Otumaka Mausia    ,DemiOuverture,67,true
2023,Tonga,Patrick Pellegrini,DemiOuverture,64,true
2023,Tonga,Pita Ahki,Centre,80,false
2023,Tonga,Malakai Fekitoa,Centre,82,false
2023,Tonga,George Moala,Centre,81,false
2023,Tonga,Afusipa Taumoepeau,Centre,64,false
2023,Tonga,Fine Inisi,Ailier,75,false
2023,Tonga,Solomone Kata,Ailier,80,false
2023,Tonga,Kyren Taumoefolau,Ailier,64,false
2023,Tonga,Anzelo Tuitavuki,Ailier,66,false
2023,Tonga,Charles Piutau,Arriere,84,false
2023,Australie,Angus Bell,Pilier,85,false
2023,Australie,Pone Fa'amausili,Pilier,79,false
2023,Australie,Zane Nonggorr,Pilier,74,false
2023,Australie,Blake Schoupp,Pilier,77,false
2023,Australie,James Slipper,Pilier,74,false
2023,Australie,Taniela Tupou,Pilier,86,false
2023,Australie,Matt Faessler,Talonneur,80,false
2023,Australie,David Porecki,Talonneur,75,false
2023,Australie,Jordan Uelese,Talonneur,70,false
2023,Australie,Richie Arnold,DeuxiemeLigne,78,false
2023,Australie,Nick Frost,DeuxiemeLigne,76,false
2023,Australie,Matt Philip,DeuxiemeLigne,72,false
2023,Australie,Will Skelton  ,DeuxiemeLigne,87,false
2023,Australie,Tom Hooper,TroisiemeLigneAile,81,false
2023,Australie,Josh Kemeny,TroisiemeLigneAile,77,false
2023,Australie,Rob Leota,TroisiemeLigneAile,77,false
2023,Australie,Fraser McReight,TroisiemeLigneAile,84,false
2023,Australie,Langi Gleeson,TroisiemeLigneCentre,79,false
2023,Australie,Rob Valetini,TroisiemeLigneCentre,87,false
2023,Australie,Issak Fines-Leleiwasa,DemiDeMelee,78,false
2023,Australie,Tate McDermott,DemiDeMelee,74,false
2023,Australie,Nic White,DemiDeMelee,71,true
2023,Australie,Ben Donaldson,DemiOuverture,80,true
2023,Australie,Carter Gordon,DemiOuverture,78,true
2023,Australie,Lalakai Foketi,Centre,77,false
2023,Australie,Samu Kerevi,Centre,86,false
2023,Australie,Izaia Perese,Centre,71,false
2023,Australie,Jordan Petaia,Centre,83,false
2023,Australie,Marika Koroibete,Ailier,86,false
2023,Australie,Mark Nawaqanitawase,Ailier,85,false
2023,Australie,Suliasi Vunivalu,Ailier,72,false
2023,Australie,Max Jorgensen  ,Arriere,78,false
2023,Australie,Andrew Kellaway,Arriere,75,false
2023,Fidji,Mesake Doge,Pilier,78,false
2023,Fidji,Jone Koroiduadua  ,Pilier,68,false
2023,Fidji,Eroni Mawi,Pilier,82,false
2023,Fidji,Peni Ravai,Pilier,75,false
2023,Fidji,Luke Tagi,Pilier,73,false
2023,Fidji,Samu Tawake,Pilier,71,false
2023,Fidji,Emosi Tuqiri,Pilier,69,false
2023,Fidji,Tevita Ikanivere,Talonneur,78,false
2023,Fidji,Sam Matavesi,Talonneur,70,false
2023,Fidji,Zuriel Togiatama,Talonneur,70,false
2023,Fidji,Te Ahiwaru Cirikidaveta,DeuxiemeLigne,75,false
2023,Fidji,Temo Mayanavanua  ,DeuxiemeLigne,76,false
2023,Fidji,Isoa Nasilasila,DeuxiemeLigne,72,false
2023,Fidji,Api Ratuniyarawa,DeuxiemeLigne,72,false
2023,Fidji,Levani Botia,TroisiemeLigneAile,86,false
2023,Fidji,Meli Derenalagi,TroisiemeLigneAile,78,false
2023,Fidji,Vilive Miramira,TroisiemeLigneAile,75,false
2023,Fidji,Lekima Tagitagivalu,TroisiemeLigneAile,68,false
2023,Fidji,Viliame Mata,TroisiemeLigneCentre,86,false
2023,Fidji,Albert Tuisue,TroisiemeLigneCentre,72,false
2023,Fidji,Simione Kuruvoli,DemiDeMelee,80,true
2023,Fidji,Frank Lomani,DemiDeMelee,82,false
2023,Fidji,Peni Matawalu,DemiDeMelee,73,false
2023,Fidji,Caleb Muntz  ,DemiOuverture,78,true
2023,Fidji,Teti Tela,DemiOuverture,68,true
2023,Fidji,Vilimoni Botitu,Centre,78,false
2023,Fidji,Iosefo Masi,Centre,83,false
2023,Fidji,Waisea Nayacalevu  ,Centre,85,false
2023,Fidji,Semi Radradra,Centre,86,false
2023,Fidji,Kalaveti Ravouvou,Centre,70,false
2023,Fidji,Josua Tuisova,Centre,87,false
2023,Fidji,Vinaya Habosi,Ailier,75,false
2023,Fidji,Selestino Ravutaumada,Ailier,80,false
2023,Fidji,Jiuta Wainiqolo,Ailier,82,false
2023,Fidji,Ilaisa Droasese,Arriere,77,false
2023,Fidji,Sireli Maqala,Arriere,81,false
2023,Pays_de_Galles,Corey Domachowski,Pilier,78,false
2023,Pays_de_Galles,Tomas Francis,Pilier,77,false
2023,Pays_de_Galles,Dillon Lewis,Pilier,76,false
2023,Pays_de_Galles,Gareth Thomas,Pilier,77,false
2023,Pays_de_Galles,Henry Thomas,Pilier,76,false
2023,Pays_de_Galles,Nicky Smith,Pilier,73,false
2023,Pays_de_Galles,Elliot Dee,Talonneur,77,false
2023,Pays_de_Galles,Ryan Elias,Talonneur,73,false
2023,Pays_de_Galles,Dewi Lake  ,Talonneur,83,false
2023,Pays_de_Galles,Adam Beard,DeuxiemeLigne,81,false
2023,Pays_de_Galles,Dafydd Jenkins,DeuxiemeLigne,78,false
2023,Pays_de_Galles,Will Rowlands,DeuxiemeLigne,86,false
2023,Pays_de_Galles,Christ Tshiunza,DeuxiemeLigne,70,false
2023,Pays_de_Galles,Taine Basham,TroisiemeLigneAile,83,false
2023,Pays_de_Galles,Dan Lydiate,TroisiemeLigneAile,80,false
2023,Pays_de_Galles,Jac Morgan  ,TroisiemeLigneAile,88,false
2023,Pays_de_Galles,Tommy Reffell,TroisiemeLigneAile,84,false
2023,Pays_de_Galles,Aaron Wainwright,TroisiemeLigneAile,72,false
2023,Pays_de_Galles,Taulupe Faletau  ,TroisiemeLigneCentre,87,false
2023,Pays_de_Galles,Gareth Davies,DemiDeMelee,82,true
2023,Pays_de_Galles,Kieran Hardy,DemiDeMelee,78,false
2023,Pays_de_Galles,Tomos Williams,DemiDeMelee,83,false
2023,Pays_de_Galles,Gareth Anscombe,DemiOuverture,84,true
2023,Pays_de_Galles,Dan Biggar,DemiOuverture,86,true
2023,Pays_de_Galles,Sam Costelow,DemiOuverture,72,true
2023,Pays_de_Galles,Mason Grady,Centre,82,false
2023,Pays_de_Galles,George North,Centre,84,false
2023,Pays_de_Galles,Nick Tompkins,Centre,75,false
2023,Pays_de_Galles,Johnny Williams,Centre,70,false
2023,Pays_de_Galles,Josh Adams,Ailier,83,false
2023,Pays_de_Galles,Rio Dyer,Ailier,78,false
2023,Pays_de_Galles,Louis Rees-Zammit,Ailier,86,false
2023,Pays_de_Galles,Leigh Halfpenny,Arriere,80,true
2023,Pays_de_Galles,Liam Williams,Arriere,85,false
2023,Géorgie,Nika Abuladze,Pilier,69,false
2023,Géorgie,Irakli Aptsiauri,Pilier,71,false
2023,Géorgie,Beka Gigashvili,Pilier,80,false
2023,Géorgie,Guram Gogichashvili,Pilier,66,false
2023,Géorgie,Luka Japaridze  ,Pilier,69,false
2023,Géorgie,Mikheil Nariashvili,Pilier,68,false
2023,Géorgie,Guram Papidze,Pilier,64,false
2023,Géorgie,Vano Karkadze,Talonneur,73,false
2023,Géorgie,Shalva Mamukashvili,Talonneur,70,false
2023,Géorgie,Luka Nioradze,Talonneur,65,false
2023,Géorgie,Tengiz Zamtaradze    ,Talonneur,65,false
2023,Géorgie,Mikheil Babunashvili  ,DeuxiemeLigne,70,false
2023,Géorgie,Lado Chachanidze,DeuxiemeLigne,72,false
2023,Géorgie,Nodar Cheishvili,DeuxiemeLigne,67,false
2023,Géorgie,Lasha Jaiani  ,DeuxiemeLigne,69,false
2023,Géorgie,Konstantin Mikautadze,DeuxiemeLigne,78,false
2023,Géorgie,Mikheil Gachechiladze,TroisiemeLigneAile,73,false
2023,Géorgie,Luka Ivanishvili  ,TroisiemeLigneAile,72,false
2023,Géorgie,Giorgi Tsutskiridze,TroisiemeLigneAile,66,false
2023,Géorgie,Beka Saghinadze,TroisiemeLigneAile,64,false
2023,Géorgie,Otar Giorgadze,TroisiemeLigneCentre,70,false
2023,Géorgie,Beka Gorgadze  ,TroisiemeLigneCentre,82,false
2023,Géorgie,Tornike Jalagonia,TroisiemeLigneCentre,64,false
2023,Géorgie,Gela Aprasidze,DemiDeMelee,71,false
2023,Géorgie,Vasil Lobzhanidze,DemiDeMelee,79,false
2023,Géorgie,Tengiz Peranidze  ,DemiDeMelee,66,false
2023,Géorgie,Tedo Abzhandadze,DemiOuverture,75,true
2023,Géorgie,Luka Matkava,DemiOuverture,74,true
2023,Géorgie,Tornike Kakhoidze,Centre,74,false
2023,Géorgie,Giorgi Kveseladze,Centre,77,false
2023,Géorgie,Merab Sharikadze  ,Centre,80,false
2023,Géorgie,Demur Tapladze,Centre,65,false
2023,Géorgie,Otar Lashkhi  ,Ailier,71,false
2023,Géorgie,Mirian Modebadze  ,Ailier,74,false
2023,Géorgie,Akaki Tabutsadze,Ailier,79,false
2023,Géorgie,Alexander Todua,Ailier,64,false
2023,Géorgie,Lasha Khmaladze,Arriere,70,true
2023,Géorgie,Davit Niniashvili,Arriere,84,false
2023,Portugal,Anthony Alvès,Pilier,67,false
2023,Portugal,Francisco Bruno,Pilier,64,false
2023,Portugal,David Costa,Pilier,66,false
2023,Portugal,Francisco Fernandes,Pilier,66,false
2023,Portugal,Diogo Hasse Ferreira,Pilier,61,false
2023,Portugal,António Machado Santos,Pilier,58,false
2023,Portugal,Lionel Campergue,Talonneur,67,false
2023,Portugal,Duarte Diniz,Talonneur,63,false
2023,Portugal,Mike Tadjer,Talonneur,75,false
2023,Portugal,Martim Belo,DeuxiemeLigne,64,false
2023,Portugal,Steevy Cerqueira,DeuxiemeLigne,68,false
2023,Portugal,José Madeira,DeuxiemeLigne,58,false
2023,Portugal,Duarte Torgal,DeuxiemeLigne,59,false
2023,Portugal,João Granate,TroisiemeLigneAile,65,false
2023,Portugal,Nicolas Martins,TroisiemeLigneAile,78,false
2023,Portugal,David Wallis,TroisiemeLigneAile,63,false
2023,Portugal,Thibault de Freitas,TroisiemeLigneCentre,68,false
2023,Portugal,Manuel Picão,TroisiemeLigneCentre,62,false
2023,Portugal,Rafael Simões,TroisiemeLigneCentre,60,false
2023,Portugal,João Belo,DemiDeMelee,65,false
2023,Portugal,Pedro Lucas  ,DemiDeMelee,67,false
2023,Portugal,Samuel Marques,DemiDeMelee,77,true
2023,Portugal,Joris Moura,DemiOuverture,66,true
2023,Portugal,Jerónimo Portela,DemiOuverture,59,true
2023,Portugal,Tomás Appleton  ,Centre,77,false
2023,Portugal,Pedro Bettencourt,Centre,65,false
2023,Portugal,José Lima,Centre,63,false
2023,Portugal,Manuel Cardoso Pinto,Ailier,71,false
2023,Portugal,Rodrigo Marta,Ailier,76,false
2023,Portugal,Vincent Pinto,Ailier,76,false
2023,Portugal,Raffaele Storti,Ailier,78,false
2023,Portugal,Simão Bento,Arriere,68,false
2023,Portugal,Nuno Sousa Guedes,Arriere,61,true
2023,Angleterre,Dan Cole,Pilier,80,false
2023,Angleterre,Ellis Genge,Pilier,88,false
2023,Angleterre,Joe Marler,Pilier,79,false
2023,Angleterre,Bevan Rodd,Pilier,78,false
2023,Angleterre,Kyle Sinckler,Pilier,73,false
2023,Angleterre,Will Stuart,Pilier,73,false
2023,Angleterre,Theo Dan,Talonneur,84,false
2023,Angleterre,Jamie George,Talonneur,88,false
2023,Angleterre,Jack Walker,Talonneur,77,false
2023,Angleterre,Ollie Chessum,DeuxiemeLigne,86,false
2023,Angleterre,Maro Itoje,DeuxiemeLigne,93,false
2023,Angleterre,George Martin,DeuxiemeLigne,85,false
2023,Angleterre,David Ribbans,DeuxiemeLigne,74,false
2023,Angleterre,Tom Curry,TroisiemeLigneAile,88,false
2023,Angleterre,Courtney Lawes,TroisiemeLigneAile,90,false
2023,Angleterre,Lewis Ludlam,TroisiemeLigneAile,80,false
2023,Angleterre,Sam Underhill,TroisiemeLigneAile,80,false
2023,Angleterre,Jack Willis  ,TroisiemeLigneAile,73,false
2023,Angleterre,Ben Earl,TroisiemeLigneCentre,92,false
2023,Angleterre,Billy Vunipola,TroisiemeLigneCentre,77,false
2023,Angleterre,Danny Care,DemiDeMelee,86,false
2023,Angleterre,Alex Mitchell,DemiDeMelee,83,false
2023,Angleterre,Jack van Poortvliet  ,DemiDeMelee,79,false
2023,Angleterre,Ben Youngs,DemiDeMelee,77,false
2023,Angleterre,Owen Farrell  ,DemiOuverture,92,true
2023,Angleterre,George Ford,DemiOuverture,90,true
2023,Angleterre,Marcus Smith,DemiOuverture,87,true
2023,Angleterre,Ollie Lawrence,Centre,82,false
2023,Angleterre,Joe Marchant,Centre,84,false
2023,Angleterre,Manu Tuilagi,Centre,86,false
2023,Angleterre,Henry Arundell,Ailier,84,false
2023,Angleterre,Max Malins,Ailier,80,false
2023,Angleterre,Jonny May,Ailier,75,false
2023,Angleterre,Anthony Watson  ,Ailier,78,false
2023,Angleterre,Elliot Daly,Arriere,80,true
2023,Angleterre,Freddie Steward,Arriere,86,false
2023,Argentine,Eduardo Bello,Pilier,78,false
2023,Argentine,Thomas Gallo,Pilier,77,false
2023,Argentine,Francisco Gómez Kodela,Pilier,77,false
2023,Argentine,Joel Sclavi,Pilier,77,false
2023,Argentine,Nahuel Tetaz Chaparro  ,Pilier,78,false
2023,Argentine,Mayco Vivas,Pilier,72,false
2023,Argentine,Agustín Creevy,Talonneur,79,false
2023,Argentine,Julián Montoya  ,Talonneur,89,false
2023,Argentine,Ignacio Ruiz,Talonneur,73,false
2023,Argentine,Matías Alemanno,DeuxiemeLigne,79,false
2023,Argentine,Tomás Lavanini,DeuxiemeLigne,84,false
2023,Argentine,Guido Petti Pagadizábal,DeuxiemeLigne,85,false
2023,Argentine,Lucas Paulos,DeuxiemeLigne,76,false
2023,Argentine,Pedro Rubiolo,DeuxiemeLigne,71,false
2023,Argentine,Juan Martín González,TroisiemeLigneAile,87,false
2023,Argentine,Santiago Grondona  ,TroisiemeLigneAile,77,false
2023,Argentine,Marcos Kremer,TroisiemeLigneAile,93,false
2023,Argentine,Pablo Matera  ,TroisiemeLigneAile,91,false
2023,Argentine,Joaquín Oviedo,TroisiemeLigneAile,71,false
2023,Argentine,Rodrigo Bruni,TroisiemeLigneCentre,84,false
2023,Argentine,Facundo Isa,TroisiemeLigneCentre,74,false
2023,Argentine,Lautaro Bazán,DemiDeMelee,85,false
2023,Argentine,Gonzalo Bertranou,DemiDeMelee,78,false
2023,Argentine,Tomás Cubelli,DemiDeMelee,71,false
2023,Argentine,Santiago Carreras,DemiOuverture,86,true
2023,Argentine,Nicolás Sánchez,DemiOuverture,73,true
2023,Argentine,Santiago Chocobares,Centre,84,false
2023,Argentine,Lucio Cinti,Centre,80,false
2023,Argentine,Jerónimo de la Fuente,Centre,76,false
2023,Argentine,Matías Moroni,Centre,83,false
2023,Argentine,Mateo Carreras,Ailier,87,false
2023,Argentine,Juan Imhoff,Ailier,77,false
2023,Argentine,Rodrigo Isgró,Ailier,77,false
2023,Argentine,Emiliano Boffelli,Arriere,88,true
2023,Argentine,Martín Bogado,Arriere,81,false
2023,Argentine,Juan Cruz Mallía,Arriere,77,false
2023,Chili,Javier Carrasco,Pilier,63,false
2023,Chili,Matías Dittus,Pilier,58,false
2023,Chili,Iñaki Gurruchaga,Pilier,60,false
2023,Chili,Esteban Inostroza,Pilier,58,false
2023,Chili,Vittorio Lastra,Pilier,56,false
2023,Chili,Salvador Lues  ,Pilier,52,false
2023,Chili,Augusto Böhme  ,Talonneur,65,false
2023,Chili,Tomás Dussaillant,Talonneur,58,false
2023,Chili,Diego Escobar,Talonneur,54,false
2023,Chili,Javier Eissmann,DeuxiemeLigne,65,false
2023,Chili,Pablo Huete,DeuxiemeLigne,62,false
2023,Chili,Santiago Pedrero,DeuxiemeLigne,55,false
2023,Chili,Augusto Sarmiento,DeuxiemeLigne,52,false
2023,Chili,Raimundo Martínez  ,TroisiemeLigneAile,62,false
2023,Chili,Thomas Orchard,TroisiemeLigneAile,63,false
2023,Chili,Clemente Saavedra,TroisiemeLigneAile,56,false
2023,Chili,Martín Sigren  ,TroisiemeLigneAile,70,false
2023,Chili,Ignacio Silva  ,TroisiemeLigneAile,55,false
2023,Chili,Alfonso Escobar,TroisiemeLigneCentre,64,false
2023,Chili,Lukas Carvallo,DemiDeMelee,65,false
2023,Chili,Nicolás Herreros,DemiDeMelee,58,false
2023,Chili,Marcelo Torrealba,DemiDeMelee,58,false
2023,Chili,Benjamín Videla,DemiDeMelee,56,false
2023,Chili,Rodrigo Fernández,DemiOuverture,70,true
2023,Chili,Francisco Urroz,DemiOuverture,57,true
2023,Chili,Matías Garafulic  ,Centre,65,false
2023,Chili,José Ignacio Larenas (es),Centre,56,false
2023,Chili,Domingo Saavedra  ,Centre,54,false
2023,Chili,Pablo Casas,Ailier,60,false
2023,Chili,Cristóbal Game (es),Ailier,66,false
2023,Chili,Nicolás Garafulic    ,Ailier,65,false
2023,Chili,Francisco Velarde,Ailier,54,false
2023,Chili,Santiago Videla,Ailier,69,false
2023,Chili,Iñaki Ayarza,Arriere,68,false
2023,Japon,Sione Halasili  ,Pilier,74,false
2023,Japon,Keita Inagaki,Pilier,68,false
2023,Japon,Koo Ji-won,Pilier,72,false
2023,Japon,Shinnosuke Kakinaga  ,Pilier,72,false
2023,Japon,Craig Millar,Pilier,69,false
2023,Japon,Asaeli Ai Valu,Pilier,65,false
2023,Japon,Shota Horie,Talonneur,71,false
2023,Japon,Kosuke Horikoshi  ,Talonneur,66,false
2023,Japon,Atsushi Sakate,Talonneur,79,false
2023,Japon,Jack Cornelsen,DeuxiemeLigne,76,false
2023,Japon,Warner Dearns,DeuxiemeLigne,79,false
2023,Japon,Amato Fakatava,DeuxiemeLigne,67,false
2023,Japon,Shota Fukui (ja),TroisiemeLigneAile,74,false
2023,Japon,Ben Gunter,TroisiemeLigneAile,73,false
2023,Japon,Lappies Labuschagné,TroisiemeLigneAile,80,false
2023,Japon,Michael Leitch,TroisiemeLigneAile,82,false
2023,Japon,Kanji Shimokawa  ,TroisiemeLigneAile,65,false
2023,Japon,Kazuki Himeno  ,TroisiemeLigneCentre,84,false
2023,Japon,Amanaki Saumaki,TroisiemeLigneCentre,69,false
2023,Japon,Kenta Fukuda,DemiDeMelee,75,false
2023,Japon,Yutaka Nagare,DemiDeMelee,71,false
2023,Japon,Naoto Saito,DemiDeMelee,65,false
2023,Japon,Rikiya Matsuda,DemiOuverture,80,true
2023,Japon,Jumpei Ogura,DemiOuverture,71,true
2023,Japon,Lee Seung-Sin,DemiOuverture,66,true
2023,Japon,Ryoto Nakamura,Centre,71,false
2023,Japon,Tomoki Osada  ,Centre,68,false
2023,Japon,Dylan Riley,Centre,80,false
2023,Japon,Siosaia Fifita,Ailier,76,false
2023,Japon,Lomano Lemeki,Ailier,78,true
2023,Japon,Jone Naikabula  ,Ailier,77,false
2023,Japon,Semisi Masirewa  ,Arriere,78,true
2023,Japon,Kotaro Matsushima,Arriere,82,true
2023,Japon,Ryohei Yamanaka,Arriere,65,false
2023,Samoa,Michael Alaalatoa  ,Pilier,80,false
2023,Samoa,Paul Alo-Emile,Pilier,71,false
2023,Samoa,Charlie Faumuina,Pilier,67,false
2023,Samoa,James Lay,Pilier,64,false
2023,Samoa,Jordan Lay,Pilier,68,false
2023,Samoa,Seilala Lam,Talonneur,73,false
2023,Samoa,Sama Malolo,Talonneur,72,false
2023,Samoa,Ray Niuia,Talonneur,70,false
2023,Samoa,Luteru Tolai  ,Talonneur,64,false
2023,Samoa,Brian Alainu'uese,DeuxiemeLigne,74,false
2023,Samoa,Theo McFarland,DeuxiemeLigne,81,false
2023,Samoa,Sam Slade,DeuxiemeLigne,70,false
2023,Samoa,Chris Vui  ,DeuxiemeLigne,80,false
2023,Samoa,Miracle Fai'ilagi,TroisiemeLigneAile,76,false
2023,Samoa,Steven Luatua,TroisiemeLigneAile,80,false
2023,Samoa,Alamanda Motuga,TroisiemeLigneAile,68,false
2023,Samoa,Taleni Seu,TroisiemeLigneAile,69,false
2023,Samoa,So'otala Fa'aso'o,TroisiemeLigneCentre,73,false
2023,Samoa,Fritz Lee,TroisiemeLigneCentre,82,false
2023,Samoa,Jordan Taufua,TroisiemeLigneCentre,67,false
2023,Samoa,Ere Enari,DemiDeMelee,73,false
2023,Samoa,Melani Matavao,DemiDeMelee,71,false
2023,Samoa,Jonathan Taumateine,DemiDeMelee,67,false
2023,Samoa,Christian Lealiifano,DemiOuverture,78,true
2023,Samoa,Lima Sopoaga,DemiOuverture,78,true
2023,Samoa,Tumua Manu,Centre,72,false
2023,Samoa,Duncan Paia'aua,Centre,73,false
2023,Samoa,UJ Seuteni,Centre,78,false
2023,Samoa,Nigel Ah Wong,Ailier,77,false
2023,Samoa,Ed Fidow,Ailier,74,false
2023,Samoa,Neria Fomai  ,Ailier,70,false
2023,Samoa,Ben Lam,Ailier,79,false
2023,Samoa,D'Angelo Leuila,Arriere,71,true
2023,Samoa,Danny Toala,Arriere,64,false
2019,Irlande,Tadhg Furlong,Pilier,88,false
2019,Irlande,Cian Healy,Pilier,78,false
2019,Irlande,David Kilcoyne,Pilier,76,false
2019,Irlande,Andrew Porter,Pilier,80,false
2019,Irlande,John Ryan,Pilier,78,false
2019,Irlande,Rory Best,Talonneur,88,false
2019,Irlande,Sean Cronin,Talonneur,80,false
2019,Irlande,Niall Scannell,Talonneur,78,false
2019,Irlande,Tadhg Beirne,DeuxiemeLigne,76,false
2019,Irlande,Iain Henderson,DeuxiemeLigne,80,false
2019,Irlande,Jean Kleyn,DeuxiemeLigne,78,false
2019,Irlande,James Ryan,DeuxiemeLigne,88,false
2019,Irlande,Peter O'Mahony,TroisiemeLigneAile,88,false
2019,Irlande,Rhys Ruddock,TroisiemeLigneAile,78,false
2019,Irlande,Josh van der Flier,TroisiemeLigneAile,76,false
2019,Irlande,Jack Conan,TroisiemeLigneCentre,80,false
2019,Irlande,Jordi Murphy,TroisiemeLigneCentre,78,false
2019,Irlande,CJ Stander,TroisiemeLigneCentre,88,false
2019,Irlande,Luke McGrath,DemiDeMelee,80,false
2019,Irlande,Conor Murray,DemiDeMelee,88,true
2019,Irlande,Joey Carbery,DemiOuverture,76,true
2019,Irlande,Jack Carty,DemiOuverture,80,true
2019,Irlande,Jonathan Sexton,DemiOuverture,88,true
2019,Irlande,Bundee Aki,Centre,88,false
2019,Irlande,Chris Farrell,Centre,80,false
2019,Irlande,Robbie Henshaw,Centre,78,false
2019,Irlande,Garry Ringrose,Centre,88,false
2019,Irlande,Andrew Conway,Ailier,80,false
2019,Irlande,Keith Earls,Ailier,88,false
2019,Irlande,Jordan Larmour,Ailier,76,false
2019,Irlande,Jacob Stockdale,Ailier,88,false
2019,Irlande,Rob Kearney,Arriere,88,false
2019,Écosse,Simon Berghan,Pilier,77,false
2019,Écosse,Allan Dell,Pilier,75,false
2019,Écosse,Zander Fagerson,Pilier,73,false
2019,Écosse,Willem Petrus Nel,Pilier,77,false
2019,Écosse,Gordon Reid,Pilier,75,false
2019,Écosse,Fraser Brown,Talonneur,73,false
2019,Écosse,Stuart McInally,Talonneur,77,false
2019,Écosse,George Turner,Talonneur,75,false
2019,Écosse,Scott Cummings,DeuxiemeLigne,73,false
2019,Écosse,Grant Gilchrist,DeuxiemeLigne,77,false
2019,Écosse,Jonny Gray,DeuxiemeLigne,75,false
2019,Écosse,Ben Toolis,DeuxiemeLigne,73,false
2019,Écosse,John Barclay,TroisiemeLigneAile,77,false
2019,Écosse,Magnus Bradbury,TroisiemeLigneAile,75,false
2019,Écosse,Jamie Ritchie,TroisiemeLigneAile,85,false
2019,Écosse,Hamish Watson,TroisiemeLigneAile,85,false
2019,Écosse,Blade Thomson,TroisiemeLigneCentre,75,false
2019,Écosse,Ryan Wilson,TroisiemeLigneCentre,73,false
2019,Écosse,George Horne,DemiDeMelee,77,true
2019,Écosse,Greig Laidlaw,DemiDeMelee,85,true
2019,Écosse,Ali Price,DemiDeMelee,73,false
2019,Écosse,Henry Pyrgos,DemiDeMelee,77,false
2019,Écosse,Adam Hastings,DemiOuverture,75,true
2019,Écosse,Finn Russell,DemiOuverture,85,true
2019,Écosse,Duncan Weir,DemiOuverture,77,true
2019,Écosse,Chris Harris,Centre,75,false
2019,Écosse,Peter Horne,Centre,73,false
2019,Écosse,Sam Johnson,Centre,77,false
2019,Écosse,Duncan Taylor,Centre,75,false
2019,Écosse,Darcy Graham,Ailier,85,false
2019,Écosse,Sean Maitland,Ailier,77,false
2019,Écosse,Tommy Seymour,Ailier,75,false
2019,Écosse,Stuart Hogg,Arriere,85,true
2019,Écosse,Blair Kinghorn,Arriere,77,true
2019,Japon,Keita Inagaki,Pilier,82,false
2019,Japon,Koo Jiwon,Pilier,80,false
2019,Japon,Yusuke Kizu,Pilier,78,false
2019,Japon,Isileli Nakajima Vakauta,Pilier,82,false
2019,Japon,Asaeli Valu,Pilier,80,false
2019,Japon,Shota Horie,Talonneur,78,false
2019,Japon,Atsushi Sakate,Talonneur,82,false
2019,Japon,Takuya Kitade,Talonneur,80,false
2019,Japon,Uwe Helu,DeuxiemeLigne,78,false
2019,Japon,James Moore,DeuxiemeLigne,82,false
2019,Japon,Luke Thompson,DeuxiemeLigne,80,false
2019,Japon,Wimpie van der Walt,DeuxiemeLigne,78,false
2019,Japon,Kazuki Himeno,TroisiemeLigneAile,90,false
2019,Japon,Lappies Labuschagné,TroisiemeLigneAile,80,false
2019,Japon,Michael Leitch,TroisiemeLigneAile,90,false
2019,Japon,Yoshitaka Tokunaga,TroisiemeLigneAile,82,false
2019,Japon,Amanaki Mafi,TroisiemeLigneCentre,80,false
2019,Japon,Hendrik Tui,TroisiemeLigneCentre,78,false
2019,Japon,Yutaka Nagare,DemiDeMelee,82,false
2019,Japon,Kaito Shigeno,DemiDeMelee,80,false
2019,Japon,Fumiaki Tanaka,DemiDeMelee,78,false
2019,Japon,Rikiya Matsuda,DemiOuverture,82,true
2019,Japon,Yu Tamura,DemiOuverture,90,true
2019,Japon,Timothy Lafaele,Centre,78,false
2019,Japon,Ryoto Nakamura,Centre,82,false
2019,Japon,Will Tupou,Centre,80,false
2019,Japon,Kenki Fukuoka,Ailier,90,false
2019,Japon,Lomano Lemeki,Ailier,82,true
2019,Japon,Ataata Moeakiola,Ailier,80,false
2019,Japon,Kotaro Matsushima,Arriere,90,true
2019,Japon,Ryohei Yamanaka,Arriere,82,false
2019,Russie,Azamat Bitiev,Pilier,60,false
2019,Russie,Kirill Gotovtsev,Pilier,58,false
2019,Russie,Valeri Morozov,Pilier,56,false
2019,Russie,Vladimir Podrezov,Pilier,60,false
2019,Russie,Andreï Polivalov,Pilier,58,false
2019,Russie,SergueI Tchernychiov,Talonneur,56,false
2019,Russie,Evgueni Matveïev,Talonneur,60,false
2019,Russie,Stanislav Selski,Talonneur,58,false
2019,Russie,Evgueni Ielguine,DeuxiemeLigne,56,false
2019,Russie,Bogdan Fedotko,DeuxiemeLigne,60,false
2019,Russie,Andreï Garbouzov,DeuxiemeLigne,58,false
2019,Russie,Andreï Ostrikov,DeuxiemeLigne,56,false
2019,Russie,Taguir Gadjiev,TroisiemeLigneAile,60,false
2019,Russie,Roman Khodine,TroisiemeLigneAile,58,false
2019,Russie,Anton Sytchiov,TroisiemeLigneAile,56,false
2019,Russie,Vitali Jivatov,TroisiemeLigneAile,60,false
2019,Russie,Victor Gressev,TroisiemeLigneCentre,58,false
2019,Russie,Nikita Vaviline,TroisiemeLigneCentre,56,false
2019,Russie,Vassili Dorofeïev,DemiDeMelee,60,false
2019,Russie,Dmitri Perov,DemiDeMelee,58,false
2019,Russie,Ramil Gaïssine,DemiOuverture,56,true
2019,Russie,Iouri Kouchnariov,DemiOuverture,60,true
2019,Russie,Sergueï Ianiouchkine,DemiOuverture,58,true
2019,Russie,Igor Galinovski,Centre,56,false
2019,Russie,Dimitri Gerasimov,Centre,60,false
2019,Russie,Kirill Golosnitski,Centre,68,false
2019,Russie,Vladimir Ostroouchko,Centre,56,false
2019,Russie,German Davydov,Ailier,68,false
2019,Russie,Denis Simplikevich,Ailier,58,false
2019,Russie,Vladislav Sozonov,Ailier,56,false
2019,Russie,Vassili Artemiev,Arriere,68,false
2019,Samoa,Michael Alaalatoa,Pilier,72,false
2019,Samoa,Paul Alo-Emile,Pilier,70,false
2019,Samoa,James Lay,Pilier,68,false
2019,Samoa,Jordan Lay,Pilier,72,false
2019,Samoa,Logovi'i Mulipola,Pilier,70,false
2019,Samoa,Motu Matu'u,Talonneur,68,false
2019,Samoa,Seilala Lam,Talonneur,72,false
2019,Samoa,Ray Niuia,Talonneur,70,false
2019,Samoa,Kane Leaupepe,DeuxiemeLigne,68,false
2019,Samoa,Filo Paulo,DeuxiemeLigne,72,false
2019,Samoa,Senio Toleafoa,DeuxiemeLigne,70,false
2019,Samoa,Chris Vui,DeuxiemeLigne,68,false
2019,Samoa,Piula Fa'asalele,TroisiemeLigneAile,72,false
2019,Samoa,TJ Ioane,TroisiemeLigneAile,70,false
2019,Samoa,Jack Lam,TroisiemeLigneAile,80,false
2019,Samoa,Afaesetiti Amosa,TroisiemeLigneCentre,72,false
2019,Samoa,Alamanda Motuga,TroisiemeLigneCentre,70,false
2019,Samoa,Josh Tyrell,TroisiemeLigneCentre,68,false
2019,Samoa,Pele Cowley,DemiDeMelee,72,false
2019,Samoa,Melani Matavao,DemiDeMelee,70,false
2019,Samoa,Scott Malolua,DemiDeMelee,68,false
2019,Samoa,Dwayne Polataivao,DemiDeMelee,72,false
2019,Samoa,AJ Alatimu,DemiOuverture,70,true
2019,Samoa,Tusi Pisi,DemiOuverture,68,true
2019,Samoa,Ulupano Seuteni,DemiOuverture,72,true
2019,Samoa,Kieron Fonotia,Centre,70,false
2019,Samoa,Rey Lee-Lo,Centre,80,false
2019,Samoa,Henry Taefu,Centre,72,false
2019,Samoa,Ed Fidow,Ailier,70,false
2019,Samoa,Alapati Leiua,Ailier,80,false
2019,Samoa,Ahsee Tuala,Ailier,72,true
2019,Samoa,Belgium Tuatagaloa,Ailier,70,false
2019,Samoa,Tim Nanai-Williams,Arriere,80,true
2019,Nouvelle_Zélande,Nepo Laulala,Pilier,85,false
2019,Nouvelle_Zélande,Joe Moody,Pilier,83,false
2019,Nouvelle_Zélande,Atunaisa Moli,Pilier,81,false
2019,Nouvelle_Zélande,Angus Ta'avao,Pilier,85,false
2019,Nouvelle_Zélande,Ofa Tu'ungafasi,Pilier,83,false
2019,Nouvelle_Zélande,Dane Coles,Talonneur,81,false
2019,Nouvelle_Zélande,Liam Coltman,Talonneur,85,false
2019,Nouvelle_Zélande,Codie Taylor,Talonneur,83,false
2019,Nouvelle_Zélande,Scott Barrett,DeuxiemeLigne,81,false
2019,Nouvelle_Zélande,Brodie Retallick,DeuxiemeLigne,93,false
2019,Nouvelle_Zélande,Patrick Tuipulotu,DeuxiemeLigne,83,false
2019,Nouvelle_Zélande,Sam Whitelock,DeuxiemeLigne,93,false
2019,Nouvelle_Zélande,Sam Cane,TroisiemeLigneAile,93,false
2019,Nouvelle_Zélande,Shannon Frizell,TroisiemeLigneAile,83,false
2019,Nouvelle_Zélande,Luke Jacobson,TroisiemeLigneAile,81,false
2019,Nouvelle_Zélande,Ardie Savea,TroisiemeLigneAile,93,false
2019,Nouvelle_Zélande,Matt Todd,TroisiemeLigneAile,83,false
2019,Nouvelle_Zélande,Kieran Read,TroisiemeLigneCentre,93,false
2019,Nouvelle_Zélande,TJ Perenara,DemiDeMelee,85,false
2019,Nouvelle_Zélande,Aaron Smith,DemiDeMelee,83,false
2019,Nouvelle_Zélande,Brad Weber,DemiDeMelee,81,false
2019,Nouvelle_Zélande,Beauden Barrett,DemiOuverture,93,true
2019,Nouvelle_Zélande,Richie Mo'unga,DemiOuverture,93,true
2019,Nouvelle_Zélande,Ryan Crotty,Centre,81,false
2019,Nouvelle_Zélande,Jack Goodhue,Centre,85,false
2019,Nouvelle_Zélande,Anton Lienert-Brown,Centre,93,false
2019,Nouvelle_Zélande,Sonny Bill Williams,Centre,93,false
2019,Nouvelle_Zélande,George Bridge,Ailier,93,false
2019,Nouvelle_Zélande,Rieko Ioane,Ailier,93,false
2019,Nouvelle_Zélande,Sevu Reece,Ailier,93,false
2019,Nouvelle_Zélande,Jordie Barrett,Arriere,85,true
2019,Nouvelle_Zélande,Ben Smith,Arriere,93,false
2019,Afrique_du_Sud,Thomas du Toit,Pilier,87,false
2019,Afrique_du_Sud,Steven Kitshoff,Pilier,85,false
2019,Afrique_du_Sud,Vincent Koch,Pilier,83,false
2019,Afrique_du_Sud,Frans Malherbe,Pilier,87,false
2019,Afrique_du_Sud,Tendai Mtawarira,Pilier,85,false
2019,Afrique_du_Sud,Trevor Nyakane,Pilier,83,false
2019,Afrique_du_Sud,Schalk Brits,Talonneur,87,false
2019,Afrique_du_Sud,Malcolm Marx,Talonneur,95,false
2019,Afrique_du_Sud,Bongi Mbonambi,Talonneur,83,false
2019,Afrique_du_Sud,Lood de Jager,DeuxiemeLigne,87,false
2019,Afrique_du_Sud,Eben Etzebeth,DeuxiemeLigne,95,false
2019,Afrique_du_Sud,Franco Mostert,DeuxiemeLigne,83,false
2019,Afrique_du_Sud,RG Snyman,DeuxiemeLigne,87,false
2019,Afrique_du_Sud,Pieter-Steph du Toit,TroisiemeLigneAile,95,false
2019,Afrique_du_Sud,Siya Kolisi,TroisiemeLigneAile,95,false
2019,Afrique_du_Sud,Francois Louw,TroisiemeLigneAile,87,false
2019,Afrique_du_Sud,Kwagga Smith,TroisiemeLigneAile,85,false
2019,Afrique_du_Sud,Duane Vermeulen,TroisiemeLigneCentre,95,false
2019,Afrique_du_Sud,Faf de Klerk,DemiDeMelee,95,false
2019,Afrique_du_Sud,Herschel Jantjies,DemiDeMelee,85,false
2019,Afrique_du_Sud,Cobus Reinach,DemiDeMelee,83,false
2019,Afrique_du_Sud,Elton Jantjies,DemiOuverture,87,true
2019,Afrique_du_Sud,Handré Pollard,DemiOuverture,95,true
2019,Afrique_du_Sud,Damian Willemse,DemiOuverture,83,true
2019,Afrique_du_Sud,Lukhanyo Am,Centre,95,false
2019,Afrique_du_Sud,Damian de Allende,Centre,95,false
2019,Afrique_du_Sud,Jesse Kriel,Centre,83,false
2019,Afrique_du_Sud,François Steyn,Centre,87,true
2019,Afrique_du_Sud,Cheslin Kolbe,Ailier,95,false
2019,Afrique_du_Sud,Makazole Mapimpi,Ailier,95,false
2019,Afrique_du_Sud,S'busiso Nkosi,Ailier,87,false
2019,Afrique_du_Sud,Warrick Gelant,Arriere,85,false
2019,Afrique_du_Sud,Willie le Roux,Arriere,83,false
2019,Italie,Simone Ferrari,Pilier,74,false
2019,Italie,Andrea Lovotti,Pilier,72,false
2019,Italie,Danilo Fischetti,Pilier,70,false
2019,Italie,Tiziano Pasquali,Pilier,74,false
2019,Italie,Nicola Quaglio,Pilier,72,false
2019,Italie,Marco Riccioni,Pilier,70,false
2019,Italie,Federico Zani,Pilier,74,false
2019,Italie,Giosuè Zilocchi,Pilier,72,false
2019,Italie,Luca Bigi,Talonneur,70,false
2019,Italie,Oliviero Fabiani,Talonneur,74,false
2019,Italie,Leonardo Ghiraldini,Talonneur,72,false
2019,Italie,Dean Budd,DeuxiemeLigne,70,false
2019,Italie,Federico Ruzza,DeuxiemeLigne,74,false
2019,Italie,David Sisi,DeuxiemeLigne,72,false
2019,Italie,Alessandro Zanni,DeuxiemeLigne,70,false
2019,Italie,Maxime Mbanda,TroisiemeLigneAile,74,false
2019,Italie,Sebastian Negri,TroisiemeLigneAile,82,false
2019,Italie,Jake Polledri,TroisiemeLigneAile,82,false
2019,Italie,Sergio Parisse,TroisiemeLigneCentre,82,false
2019,Italie,Braam Steyn,TroisiemeLigneCentre,72,false
2019,Italie,Callum Braley,DemiDeMelee,70,false
2019,Italie,Guglielmo Palazzani,DemiDeMelee,74,false
2019,Italie,Tito Tebaldi,DemiDeMelee,72,false
2019,Italie,Tommaso Allan,DemiOuverture,82,true
2019,Italie,Carlo Canna,DemiOuverture,74,true
2019,Italie,Tommaso Benvenuti,Centre,72,false
2019,Italie,Michele Campagnaro,Centre,70,false
2019,Italie,Luca Morisi,Centre,74,false
2019,Italie,Mattia Bellini,Ailier,72,false
2019,Italie,Giulio Bisegni,Ailier,70,false
2019,Italie,Matteo Minozzi,Ailier,82,false
2019,Italie,Jayden Hayward,Arriere,72,true
2019,Italie,Edoardo Padovani,Arriere,70,true
2019,Namibie,Johannes Coetzee,Pilier,62,false
2019,Namibie,AJ de Klerk,Pilier,60,false
2019,Namibie,André Rademeyer,Pilier,58,false
2019,Namibie,Desiderius Sethie,Pilier,62,false
2019,Namibie,Nelius Theron,Pilier,60,false
2019,Namibie,Obert Nortjé,Talonneur,58,false
2019,Namibie,Torsten van Jaarsveld,Talonneur,62,false
2019,Namibie,Louis van der Westhuizen,Talonneur,60,false
2019,Namibie,Johan Retief,DeuxiemeLigne,58,false
2019,Namibie,Tjiuee Uanivi,DeuxiemeLigne,62,false
2019,Namibie,Pieter-Jan van Lill,DeuxiemeLigne,60,false
2019,Namibie,Wian Conradie,TroisiemeLigneAile,58,false
2019,Namibie,Thomasau Forbes,TroisiemeLigneAile,62,false
2019,Namibie,Prince ǃGaoseb,TroisiemeLigneAile,60,false
2019,Namibie,Max Katjijeko,TroisiemeLigneAile,58,false
2019,Namibie,Rohan Kitshoff,TroisiemeLigneAile,62,false
2019,Namibie,Adriaan Booysen,TroisiemeLigneCentre,60,false
2019,Namibie,Janco Venter,TroisiemeLigneCentre,58,false
2019,Namibie,Eugene Jantjies,DemiDeMelee,62,false
2019,Namibie,Damian Stevens,DemiDeMelee,70,false
2019,Namibie,Helarius Kisting,DemiOuverture,58,true
2019,Namibie,Cliven Loubser,DemiOuverture,70,true
2019,Namibie,Darryl de la Harpe,Centre,60,false
2019,Namibie,Johan Deysel,Centre,70,false
2019,Namibie,JC Greyling,Centre,62,false
2019,Namibie,Justin Newman,Centre,60,false
2019,Namibie,Janry du Toit,Ailier,58,false
2019,Namibie,Lesley Klim,Ailier,62,false
2019,Namibie,Chad Plato,Ailier,60,false
2019,Namibie,PJ Walters,Ailier,58,false
2019,Namibie,Johan Tromp,Arriere,62,false
2019,Canada,Hubert Buydens,Pilier,62,false
2019,Canada,Jake Ilnicki,Pilier,60,false
2019,Canada,Cole Keith,Pilier,58,false
2019,Canada,Djustice Sears-Duru,Pilier,62,false
2019,Canada,Matt Tierney,Pilier,60,false
2019,Canada,Eric Howard,Talonneur,58,false
2019,Canada,Benoît Piffero,Talonneur,62,false
2019,Canada,Andrew Quattrin,Talonneur,60,false
2019,Canada,Kyle Baillie,DeuxiemeLigne,58,false
2019,Canada,Conor Keys,DeuxiemeLigne,62,false
2019,Canada,Josh Larsen,DeuxiemeLigne,60,false
2019,Canada,Mike Sheppard,DeuxiemeLigne,58,false
2019,Canada,Justin Blanchet,TroisiemeLigneAile,62,false
2019,Canada,Matt Heaton,TroisiemeLigneAile,60,false
2019,Canada,Evan Olmstead,TroisiemeLigneAile,58,false
2019,Canada,Lucas Rumball,TroisiemeLigneAile,62,false
2019,Canada,Tyler Ardron,TroisiemeLigneCentre,70,false
2019,Canada,Luke Campbell,TroisiemeLigneCentre,58,false
2019,Canada,Phil Mack,DemiDeMelee,62,true
2019,Canada,Jamie Mackenzie,DemiDeMelee,60,false
2019,Canada,Gordon McRorie,DemiDeMelee,58,true
2019,Canada,Shane O'Leary,DemiOuverture,62,true
2019,Canada,Peter Nelson,DemiOuverture,60,true
2019,Canada,Giuseppe du Toit,Centre,58,false
2019,Canada,Ciaran Hearn,Centre,62,true
2019,Canada,Conor Trainor,Centre,60,false
2019,Canada,Jeff Hassler,Ailier,70,false
2019,Canada,Kainoa Lloyd,Ailier,62,false
2019,Canada,DTH van der Merwe,Ailier,70,true
2019,Canada,Andrew Coe,Arriere,70,false
2019,Canada,Pat Parfrey,Arriere,62,false
2019,Canada,Theo Sauder,Arriere,60,false
2019,Angleterre,Dan Cole,Pilier,85,false
2019,Angleterre,Ellis Genge,Pilier,83,false
2019,Angleterre,Joe Marler,Pilier,81,false
2019,Angleterre,Kyle Sinckler,Pilier,93,false
2019,Angleterre,Mako Vunipola,Pilier,83,false
2019,Angleterre,Luke Cowan-Dickie,Talonneur,81,false
2019,Angleterre,Jamie George,Talonneur,93,false
2019,Angleterre,Jack Singleton,Talonneur,83,false
2019,Angleterre,Maro Itoje,DeuxiemeLigne,93,false
2019,Angleterre,George Kruis,DeuxiemeLigne,85,false
2019,Angleterre,Joe Launchbury,DeuxiemeLigne,83,false
2019,Angleterre,Courtney Lawes,DeuxiemeLigne,93,false
2019,Angleterre,Tom Curry,TroisiemeLigneAile,93,false
2019,Angleterre,Lewis Ludlam,TroisiemeLigneAile,83,false
2019,Angleterre,Sam Underhill,TroisiemeLigneAile,93,false
2019,Angleterre,Billy Vunipola,TroisiemeLigneCentre,93,false
2019,Angleterre,Mark Wilson,TroisiemeLigneCentre,83,false
2019,Angleterre,Willi Heinz,DemiDeMelee,81,false
2019,Angleterre,Ben Youngs,DemiDeMelee,85,false
2019,Angleterre,Ben Spencer,DemiDeMelee,83,false
2019,Angleterre,Owen Farrell,DemiOuverture,93,true
2019,Angleterre,George Ford,DemiOuverture,93,true
2019,Angleterre,Piers Francis,Centre,83,false
2019,Angleterre,Jonathan Joseph,Centre,81,false
2019,Angleterre,Henry Slade,Centre,85,true
2019,Angleterre,Manu Tuilagi,Centre,93,false
2019,Angleterre,Joe Cokanasiga,Ailier,81,false
2019,Angleterre,Jonny May,Ailier,93,false
2019,Angleterre,Ruaridh McConnochie,Ailier,83,false
2019,Angleterre,Jack Nowell,Ailier,81,false
2019,Angleterre,Elliot Daly,Arriere,85,true
2019,Angleterre,Anthony Watson,Arriere,93,false
2019,France,Cyril Baille,Pilier,80,false
2019,France,Cedate Gomes Sa,Pilier,78,false
2019,France,Jefferson Poirot,Pilier,76,false
2019,France,Emerick Setiano,Pilier,80,false
2019,France,Rabah Slimani,Pilier,78,false
2019,France,Camille Chat,Talonneur,76,false
2019,France,Guilhem Guirado,Talonneur,80,false
2019,France,Christopher Tolofua,Talonneur,78,false
2019,France,Paul Gabrillagues,DeuxiemeLigne,76,false
2019,France,Bernard Le Roux,DeuxiemeLigne,80,false
2019,France,Sébastien Vahaamahina,DeuxiemeLigne,78,false
2019,France,Yacouba Camara,TroisiemeLigneAile,76,false
2019,France,Arthur Iturria,TroisiemeLigneAile,80,false
2019,France,Wenceslas Lauret,TroisiemeLigneAile,78,false
2019,France,Charles Ollivon,TroisiemeLigneAile,88,false
2019,France,Grégory Alldritt,TroisiemeLigneCentre,88,false
2019,France,Louis Picamoles,TroisiemeLigneCentre,78,false
2019,France,Antoine Dupont,DemiDeMelee,88,false
2019,France,Maxime Machenaud,DemiDeMelee,80,true
2019,France,Baptiste Serin,DemiDeMelee,78,true
2019,France,Camille Lopez,DemiOuverture,76,true
2019,France,Romain Ntamack,DemiOuverture,88,true
2019,France,Pierre-Louis Barassi,Centre,78,false
2019,France,Gaël Fickou,Centre,88,false
2019,France,Sofiane Guitoune,Centre,80,false
2019,France,Virimi Vakatawa,Centre,88,false
2019,France,Yoann Huget,Ailier,76,false
2019,France,Damian Penaud,Ailier,88,false
2019,France,Alivereti Raka,Ailier,78,false
2019,France,Vincent Rattez,Ailier,76,false
2019,France,Maxime Médard,Arriere,80,true
2019,Argentine,Juan Figallo,Pilier,77,false
2019,Argentine,Santiago Medrano,Pilier,75,false
2019,Argentine,Enrique Pieretto,Pilier,73,false
2019,Argentine,Nahuel Tetaz Chaparro,Pilier,77,false
2019,Argentine,Mayco Vivas,Pilier,75,false
2019,Argentine,Agustín Creevy,Talonneur,73,false
2019,Argentine,Julián Montoya,Talonneur,85,false
2019,Argentine,Santiago Socino,Talonneur,75,false
2019,Argentine,Matias Alemanno,DeuxiemeLigne,73,false
2019,Argentine,Tomás Lavanini,DeuxiemeLigne,85,false
2019,Argentine,Guido Petti Pagadizábal,DeuxiemeLigne,85,false
2019,Argentine,Marcos Kremer,DeuxiemeLigne,85,false
2019,Argentine,Juan Manuel Leguizamón,TroisiemeLigneAile,77,false
2019,Argentine,Tomás Lezana,TroisiemeLigneAile,75,false
2019,Argentine,Pablo Matera,TroisiemeLigneAile,85,false
2019,Argentine,Javier Ortega Desio,TroisiemeLigneCentre,77,false
2019,Argentine,Rodrigo Bruni,TroisiemeLigneCentre,75,false
2019,Argentine,Felipe Ezcurra,DemiDeMelee,73,false
2019,Argentine,Gonzalo Bertranou,DemiDeMelee,77,false
2019,Argentine,Nicolás Sánchez,DemiOuverture,85,true
2019,Argentine,Benjamín Urdapilleta,DemiOuverture,73,true
2019,Argentine,Jerónimo de la Fuente,Centre,77,false
2019,Argentine,Juan Cruz Mallia,Centre,75,false
2019,Argentine,Lucas Mensa,Centre,73,false
2019,Argentine,Matías Orlando,Centre,77,false
2019,Argentine,Santiago Carreras,Ailier,85,true
2019,Argentine,Bautista Delguy,Ailier,73,false
2019,Argentine,Matías Moroni,Ailier,85,false
2019,Argentine,Ramiro Moyano,Ailier,75,false
2019,Argentine,Emiliano Boffelli,Arriere,85,true
2019,Argentine,Joaquín Tuculet,Arriere,77,false
2019,Tonga,Ma'afu Fia,Pilier,71,false
2019,Tonga,Vunipola Fifita,Pilier,69,false
2019,Tonga,Siegfried Fisi'ihoi,Pilier,67,false
2019,Tonga,Siua Halanukonuka,Pilier,71,false
2019,Tonga,Latu Talakai,Pilier,69,false
2019,Tonga,Ben Tameifuna,Pilier,67,false
2019,Tonga,Siua Maile,Talonneur,71,false
2019,Tonga,Paul Ngauamo,Talonneur,69,false
2019,Tonga,Sosefo Sakalia,Talonneur,67,false
2019,Tonga,Leva Fifita,DeuxiemeLigne,71,false
2019,Tonga,Sam Lousi,DeuxiemeLigne,69,false
2019,Tonga,Steve Mafi,DeuxiemeLigne,67,false
2019,Tonga,Daniel Faleafa,TroisiemeLigneAile,71,false
2019,Tonga,Sione Kalamafoni,TroisiemeLigneAile,69,false
2019,Tonga,Zane Kapeli,TroisiemeLigneAile,67,false
2019,Tonga,Fotu Lokotui,TroisiemeLigneAile,71,false
2019,Tonga,Nasi Manu,TroisiemeLigneCentre,69,false
2019,Tonga,Ma'ama Vaipulu,TroisiemeLigneCentre,67,false
2019,Tonga,Samisoni Fisilau,DemiDeMelee,71,false
2019,Tonga,Leon Fukofuka,DemiDeMelee,69,false
2019,Tonga,Sonatane Takulua,DemiDeMelee,67,true
2019,Tonga,James Faiva,DemiOuverture,71,true
2019,Tonga,Latiume Fosita,DemiOuverture,69,true
2019,Tonga,Malietoa Hingano,Centre,67,false
2019,Tonga,Siale Piutau,Centre,79,false
2019,Tonga,Viliami Lolohea,Ailier,69,false
2019,Tonga,Daniel Kilioni,Ailier,67,false
2019,Tonga,Atieli Pakalani,Ailier,71,false
2019,Tonga,Cooper Vuna,Ailier,79,false
2019,Tonga,David Halaifonua,Arriere,67,true
2019,Tonga,Telusa Veainu,Arriere,79,true
2019,Australie,Allan Alaalatoa,Pilier,81,false
2019,Australie,Sekope Kepu,Pilier,79,false
2019,Australie,Scott Sio,Pilier,77,false
2019,Australie,James Slipper,Pilier,81,false
2019,Australie,Taniela Tupou,Pilier,89,false
2019,Australie,Folau Fainga'a,Talonneur,77,false
2019,Australie,Tolu Latu,Talonneur,81,false
2019,Australie,Jordan Uelese,Talonneur,79,false
2019,Australie,Rory Arnold,DeuxiemeLigne,77,false
2019,Australie,Adam Coleman,DeuxiemeLigne,81,false
2019,Australie,Izack Rodda,DeuxiemeLigne,79,false
2019,Australie,Rob Simmons,DeuxiemeLigne,77,false
2019,Australie,Jack Dempsey,TroisiemeLigneAile,81,false
2019,Australie,Michael Hooper,TroisiemeLigneAile,89,false
2019,Australie,David Pocock,TroisiemeLigneAile,89,false
2019,Australie,Lukhan Salakaia-Loto,TroisiemeLigneAile,81,false
2019,Australie,Isi Naisarani,TroisiemeLigneCentre,79,false
2019,Australie,Will Genia,DemiDeMelee,77,false
2019,Australie,Nic White,DemiDeMelee,81,true
2019,Australie,Bernard Foley,DemiOuverture,89,true
2019,Australie,Christian Lealiifano,DemiOuverture,89,true
2019,Australie,Kurtley Beale,Centre,89,true
2019,Australie,Samu Kerevi,Centre,89,false
2019,Australie,Tevita Kuridrani,Centre,77,false
2019,Australie,Matt Toomua,Centre,81,false
2019,Australie,Adam Ashley-Cooper,Ailier,79,false
2019,Australie,Reece Hodge,Ailier,89,false
2019,Australie,Marika Koroibete,Ailier,89,false
2019,Australie,Jordan Petaia,Ailier,79,false
2019,Australie,Dane Haylett-Petty,Arriere,77,false
2019,Australie,James O'Connor,Arriere,81,true
2019,Pays_de_Galles,Rhys Carré,Pilier,84,false
2019,Pays_de_Galles,Tomas Francis,Pilier,82,false
2019,Pays_de_Galles,Dillon Lewis,Pilier,80,false
2019,Pays_de_Galles,Wyn Jones,Pilier,84,false
2019,Pays_de_Galles,Nicky Smith,Pilier,82,false
2019,Pays_de_Galles,Ken Owens,Talonneur,80,false
2019,Pays_de_Galles,Elliot Dee,Talonneur,84,false
2019,Pays_de_Galles,Ryan Elias,Talonneur,82,false
2019,Pays_de_Galles,Jake Ball,DeuxiemeLigne,80,false
2019,Pays_de_Galles,Adam Beard,DeuxiemeLigne,84,false
2019,Pays_de_Galles,Bradley Davies,DeuxiemeLigne,82,false
2019,Pays_de_Galles,Cory Hill,DeuxiemeLigne,80,false
2019,Pays_de_Galles,Alun Wyn Jones,TroisiemeLigneAile,92,false
2019,Pays_de_Galles,James Davies,TroisiemeLigneAile,82,false
2019,Pays_de_Galles,Aaron Shingler,TroisiemeLigneAile,80,false
2019,Pays_de_Galles,Justin Tipuric,TroisiemeLigneAile,92,false
2019,Pays_de_Galles,Aaron Wainwright,TroisiemeLigneCentre,92,false
2019,Pays_de_Galles,Ross Moriarty,DemiDeMelee,92,false
2019,Pays_de_Galles,Gareth Davies,DemiDeMelee,92,true
2019,Pays_de_Galles,Tomos Williams,DemiDeMelee,82,false
2019,Pays_de_Galles,Aled Davies,DemiOuverture,80,true
2019,Pays_de_Galles,Dan Biggar,DemiOuverture,92,true
2019,Pays_de_Galles,Rhys Patchell,Centre,82,false
2019,Pays_de_Galles,Jonathan Davies,Centre,92,false
2019,Pays_de_Galles,Hadleigh Parkes,Centre,84,false
2019,Pays_de_Galles,Owen Watkin,Centre,82,false
2019,Pays_de_Galles,Owen Lane,Ailier,80,false
2019,Pays_de_Galles,Josh Adams,Ailier,92,false
2019,Pays_de_Galles,Hallam Amos,Ailier,82,false
2019,Pays_de_Galles,George North,Arriere,80,false
2019,Pays_de_Galles,Leigh Halfpenny,Arriere,84,true
2019,Pays_de_Galles,Liam Williams,Arriere,92,false
2019,Géorgie,Levan Chilachava,Pilier,78,false
2019,Géorgie,Beka Gigashvili,Pilier,68,false
2019,Géorgie,Guram Gogichashvili,Pilier,66,false
2019,Géorgie,Giorgi Melikidze,Pilier,70,false
2019,Géorgie,Mikheil Nariashvili,Pilier,68,false
2019,Géorgie,Jaba Bregvadze,Talonneur,66,false
2019,Géorgie,Vano Karkadze,Talonneur,70,false
2019,Géorgie,Shalva Mamukashvili,Talonneur,68,false
2019,Géorgie,Mamuka Gorgodze,DeuxiemeLigne,78,false
2019,Géorgie,Konstantin Mikautadze,DeuxiemeLigne,70,false
2019,Géorgie,Giorgi Nemsadze,DeuxiemeLigne,68,false
2019,Géorgie,Shalva Sutiashvili,DeuxiemeLigne,66,false
2019,Géorgie,Otar Giorgadze,TroisiemeLigneAile,70,false
2019,Géorgie,Lasha Lomidze,TroisiemeLigneAile,68,false
2019,Géorgie,Beka Saginadze,TroisiemeLigneAile,66,false
2019,Géorgie,Giorgi Tkhilaishvili,TroisiemeLigneAile,70,false
2019,Géorgie,Beka Gorgadze,TroisiemeLigneCentre,78,false
2019,Géorgie,Gela Aprasidze,DemiDeMelee,66,false
2019,Géorgie,Giorgi Begadze,DemiDeMelee,70,false
2019,Géorgie,Vasil Lobzhanidze,DemiDeMelee,68,false
2019,Géorgie,Tedo Abzhandadze,DemiOuverture,66,true
2019,Géorgie,Lasha Khmaladze,DemiOuverture,70,true
2019,Géorgie,Davit Kacharava,Centre,68,false
2019,Géorgie,Giorgi Kveseladze,Centre,66,false
2019,Géorgie,Tamaz Mchedlidze,Centre,70,false
2019,Géorgie,Merab Sharikadze,Centre,78,false
2019,Géorgie,Zurab Dzneladze,Ailier,66,false
2019,Géorgie,Mirian Modebadze,Ailier,70,false
2019,Géorgie,Alexander Todua,Ailier,68,false
2019,Géorgie,Soso Matiashvili,Arriere,66,true
2019,Fidji,Lee Roy Atalifo,Pilier,76,false
2019,Fidji,Campese Ma'afu,Pilier,74,false
2019,Fidji,Eroni Mawi,Pilier,72,false
2019,Fidji,Peni Ravai,Pilier,76,false
2019,Fidji,Manasa Saulo,Pilier,74,false
2019,Fidji,Kalivati Tawake,Pilier,72,false
2019,Fidji,Mesulame Dolokoto,Talonneur,76,false
2019,Fidji,Sam Matavesi,Talonneur,74,false
2019,Fidji,Vere Vugakoto,Talonneur,72,false
2019,Fidji,Tevita Cavubati,DeuxiemeLigne,76,false
2019,Fidji,Leone Nakarawa,DeuxiemeLigne,84,false
2019,Fidji,Api Ratuniyarawa,DeuxiemeLigne,72,false
2019,Fidji,Tevita Ratuva,DeuxiemeLigne,76,false
2019,Fidji,Semi Kunatani,TroisiemeLigneAile,74,false
2019,Fidji,Mosese Voka,TroisiemeLigneAile,72,false
2019,Fidji,Dominiko Waqaniburotu,TroisiemeLigneAile,76,false
2019,Fidji,Viliame Mata,TroisiemeLigneCentre,84,false
2019,Fidji,Peceli Yato,TroisiemeLigneCentre,84,false
2019,Fidji,Frank Lomani,DemiDeMelee,76,false
2019,Fidji,Nikola Matawalu,DemiDeMelee,74,false
2019,Fidji,Henry Seniloli,DemiDeMelee,72,false
2019,Fidji,Ben Volavola,DemiOuverture,76,true
2019,Fidji,Joshua Matavesi,DemiOuverture,74,true
2019,Fidji,Levani Botia,Centre,84,false
2019,Fidji,Waisea Nayacalevu,Centre,76,false
2019,Fidji,Semi Radradra,Centre,84,false
2019,Fidji,Jale Vatubua,Centre,72,false
2019,Fidji,Vereniki Goneva,Ailier,76,false
2019,Fidji,Filipo Nakosi,Ailier,74,false
2019,Fidji,Josua Tuisova,Ailier,84,false
2019,Fidji,Kini Murimurivalu,Arriere,76,false
2019,Fidji,Alivereti Veitokani,Arriere,74,false
2019,Uruguay,Diego Arbelo,Pilier,67,false
2019,Uruguay,Juan Echeverría,Pilier,65,false
2019,Uruguay,Facundo Gattas,Pilier,63,false
2019,Uruguay,Joaquín Jaunsolo,Pilier,67,false
2019,Uruguay,Juan Pedro Rombys,Pilier,65,false
2019,Uruguay,Mateo Sanguinetti,Pilier,63,false
2019,Uruguay,Germán Kessler,Talonneur,67,false
2019,Uruguay,Guillermo Pujadas,Talonneur,65,false
2019,Uruguay,Ignacio Dotti,DeuxiemeLigne,63,false
2019,Uruguay,Franco Lamanna,DeuxiemeLigne,67,false
2019,Uruguay,Manuel Leindekar,DeuxiemeLigne,65,false
2019,Uruguay,Diego Magno,DeuxiemeLigne,63,false
2019,Uruguay,Manuel Ardao,TroisiemeLigneAile,67,false
2019,Uruguay,Santiago Civetta,TroisiemeLigneAile,65,false
2019,Uruguay,Juan Manuel Gaminara,TroisiemeLigneAile,63,false
2019,Uruguay,Juan Diego Ormaechea,TroisiemeLigneAile,67,false
2019,Uruguay,Manuel Diana,TroisiemeLigneCentre,65,false
2019,Uruguay,Alejandro Nieto,TroisiemeLigneCentre,63,false
2019,Uruguay,Santiago Arata,DemiDeMelee,75,true
2019,Uruguay,Agustín Ormaechea,DemiDeMelee,65,false
2019,Uruguay,Felipe Berchesi,DemiOuverture,75,true
2019,Uruguay,Felipe Etcheverry,DemiOuverture,67,true
2019,Uruguay,Juan Manuel Cat,Centre,75,false
2019,Uruguay,Agustín Della Corte,Centre,63,false
2019,Uruguay,Tomás Inciarte,Centre,67,false
2019,Uruguay,Andrés Vilaseca,Centre,65,false
2019,Uruguay,Federico Favaro,Ailier,63,false
2019,Uruguay,Nicolás Freitas,Ailier,67,false
2019,Uruguay,Leandro Leivas,Ailier,65,false
2019,Uruguay,Gastón Mieres,Arriere,63,false
2019,Uruguay,Rodrigo Silva,Arriere,67,false
2019,USA,David Ainu'u,Pilier,66,false
2019,USA,Eric Fry,Pilier,64,false
2019,USA,Olive Kilifi,Pilier,63,false
2019,USA,Titi Lamositele,Pilier,70,false
2019,USA,Paul Mullen,Pilier,62,false
2019,USA,Chance Wenglewski,Pilier,61,false
2019,USA,Dylan Fawsitt,Talonneur,64,false
2019,USA,James Hilterbrand,Talonneur,63,false
2019,USA,Joe Taufete'e,Talonneur,76,false
2019,USA,Nate Brakeley,DeuxiemeLigne,65,false
2019,USA,Nick Civetta,DeuxiemeLigne,66,false
2019,USA,Ben Landry,DeuxiemeLigne,64,false
2019,USA,Greg Peterson,DeuxiemeLigne,68,false
2019,USA,Hanco Germishuys,TroisiemeLigneAile,72,false
2019,USA,Tony Lamborn,TroisiemeLigneAile,69,false
2019,USA,Ben Pinkelman,TroisiemeLigneAile,68,false
2019,USA,John Quill,TroisiemeLigneAile,65,false
2019,USA,Malon Al-Jiboori,TroisiemeLigneCentre,64,false
2019,USA,Cam Dolan,TroisiemeLigneCentre,75,false
2019,USA,Nate Augspurger,DemiDeMelee,67,false
2019,USA,Shaun Davies,DemiDeMelee,65,false
2019,USA,Ruben de Haas,DemiDeMelee,68,false
2019,USA,AJ MacGinty,DemiOuverture,77,true
2019,USA,Will Magie,DemiOuverture,66,true
2019,USA,Bryce Campbell,Centre,67,false
2019,USA,Paul Lasike,Centre,71,false
2019,USA,Thretton Palamo,Centre,66,false
2019,USA,Marcel Brache,Ailier,68,false
2019,USA,Martin Iosefo,Ailier,66,false
2019,USA,Blaine Scully,Ailier,73,false
2019,USA,Mike Te'o,Ailier,67,false
2019,USA,Will Hooley,Arriere,68,true
2015,Australie,Greg Holmes,Pilier,86,false
2015,Australie,Sekope Kepu,Pilier,88,false
2015,Australie,Scott Sio,Pilier,82,false
2015,Australie,James Slipper,Pilier,85,false
2015,Australie,Toby Smith,Pilier,83,false
2015,Australie,Stephen Moore,Talonneur,88,false
2015,Australie,Tatafu Polota-Nau,Talonneur,84,false
2015,Australie,Sam Carter,DeuxiemeLigne,86,false
2015,Australie,Kane Douglas,DeuxiemeLigne,84,false
2015,Australie,Dean Mumm,DeuxiemeLigne,82,false
2015,Australie,Rob Simmons,DeuxiemeLigne,85,false
2015,Australie,Will Skelton,DeuxiemeLigne,83,false
2015,Australie,Scott Fardy,TroisiemeLigneAile,86,false
2015,Australie,Michael Hooper,TroisiemeLigneAile,94,false
2015,Australie,Sean McMahon,TroisiemeLigneAile,82,false
2015,Australie,David Pocock,TroisiemeLigneAile,95,false
2015,Australie,James Hanson,TroisiemeLigneCentre,86,false
2015,Australie,Ben McCalman,TroisiemeLigneCentre,84,false
2015,Australie,Wycliff Palu,TroisiemeLigneCentre,82,false
2015,Australie,Will Genia,DemiDeMelee,89,false
2015,Australie,Nick Phipps,DemiDeMelee,84,false
2015,Australie,Quade Cooper,DemiOuverture,86,true
2015,Australie,Bernard Foley,DemiOuverture,91,true
2015,Australie,Kurtley Beale,Centre,87,true
2015,Australie,Matt Giteau,Centre,89,true
2015,Australie,Matt Toomua,Centre,82,false
2015,Australie,Adam Ashley-Cooper,Ailier,90,false
2015,Australie,Rob Horne,Ailier,84,false
2015,Australie,Drew Mitchell,Ailier,82,false
2015,Australie,Henry Speight,Ailier,85,false
2015,Australie,Joe Tomane,Ailier,83,false
2015,Australie,Tevita Kuridrani,Ailier,86,false
2015,Australie,Israel Folau,Arriere,91,false
2015,Angleterre,Joe Marler,Pilier,78,false
2015,Angleterre,Mako Vunipola,Pilier,76,false
2015,Angleterre,David Wilson,Pilier,74,false
2015,Angleterre,Kieran Brookes,Pilier,77,false
2015,Angleterre,Dan Cole,Pilier,75,false
2015,Angleterre,Tom Youngs,Talonneur,78,false
2015,Angleterre,Jamie George,Talonneur,76,false
2015,Angleterre,Rob Webber,Talonneur,74,false
2015,Angleterre,Geoff Parling,DeuxiemeLigne,78,false
2015,Angleterre,Joe Launchbury,DeuxiemeLigne,76,false
2015,Angleterre,Courtney Lawes,DeuxiemeLigne,74,false
2015,Angleterre,George Kruis,DeuxiemeLigne,77,false
2015,Angleterre,Chris Robshaw,TroisiemeLigneAile,78,false
2015,Angleterre,James Haskell,TroisiemeLigneAile,76,false
2015,Angleterre,Tom Wood,TroisiemeLigneAile,74,false
2015,Angleterre,Nick Easter,TroisiemeLigneCentre,78,false
2015,Angleterre,Billy Vunipola,TroisiemeLigneCentre,76,false
2015,Angleterre,Ben Morgan,TroisiemeLigneCentre,74,false
2015,Angleterre,Ben Youngs,DemiDeMelee,78,false
2015,Angleterre,Richard Wigglesworth,DemiDeMelee,76,false
2015,Angleterre,Danny Care,DemiDeMelee,74,false
2015,Angleterre,George Ford,DemiOuverture,78,true
2015,Angleterre,Owen Farrell,DemiOuverture,76,true
2015,Angleterre,Henry Slade,DemiOuverture,74,true
2015,Angleterre,Jonathan Joseph,Centre,78,false
2015,Angleterre,Brad Barritt,Centre,76,false
2015,Angleterre,Sam Burgess,Centre,74,false
2015,Angleterre,Jonny May,Ailier,78,false
2015,Angleterre,Jack Nowell,Ailier,76,false
2015,Angleterre,Anthony Watson,Ailier,74,false
2015,Angleterre,Alex Goode,Arriere,78,true
2015,Angleterre,Mike Brown,Arriere,76,false
2015,Fidji,Isei Colati,Pilier,75,false
2015,Fidji,Peni Ravai,Pilier,73,false
2015,Fidji,Lee Roy Atalifo,Pilier,71,false
2015,Fidji,Campese Ma'afu,Pilier,74,false
2015,Fidji,Manasa Saulo,Pilier,72,false
2015,Fidji,Taniela Koroi,Pilier,75,false
2015,Fidji,Talemaitoga Tuapati,Talonneur,75,false
2015,Fidji,Sunia Koto,Talonneur,73,false
2015,Fidji,Viliame Veikoso,Talonneur,71,false
2015,Fidji,Leone Nakarawa,DeuxiemeLigne,86,false
2015,Fidji,Api Ratuniyarawa,DeuxiemeLigne,73,false
2015,Fidji,Nemia Soqeta,DeuxiemeLigne,71,false
2015,Fidji,Tevita Cavubati,DeuxiemeLigne,74,false
2015,Fidji,Peceli Yato,TroisiemeLigneAile,75,false
2015,Fidji,Dominiko Waqaniburotu,TroisiemeLigneAile,73,false
2015,Fidji,Malakai Ravulo,TroisiemeLigneAile,71,false
2015,Fidji,Akapusi Qera,TroisiemeLigneAile,80,false
2015,Fidji,Sakiusa Masi Matadigo,TroisiemeLigneCentre,75,false
2015,Fidji,Netani Talei,TroisiemeLigneCentre,73,false
2015,Fidji,Nemia Kenatale,DemiDeMelee,75,false
2015,Fidji,Henry Seniloli,DemiDeMelee,73,false
2015,Fidji,Nikola Matawalu,DemiDeMelee,82,false
2015,Fidji,Ben Volavola,DemiOuverture,80,true
2015,Fidji,Joshua Matavesi,DemiOuverture,73,true
2015,Fidji,Gabiriele Lovobalavu,Centre,75,false
2015,Fidji,Vereniki Goneva,Centre,73,false
2015,Fidji,Levani Botia,Centre,71,false
2015,Fidji,Timoci Nagusa,Ailier,75,false
2015,Fidji,Waisea Nayacalevu,Ailier,73,false
2015,Fidji,Nemani Nadolo,Ailier,87,false
2015,Fidji,Asaeli Tikoirotuma,Ailier,74,false
2015,Fidji,Kini Murimurivalu,Arriere,75,false
2015,Fidji,Metuisela Talebula,Arriere,73,false
2015,Uruguay,Carlos Arboleya,Pilier,60,false
2015,Uruguay,Alejo Corral,Pilier,58,false
2015,Uruguay,Oscar Durán,Pilier,56,false
2015,Uruguay,Mario Sagario,Pilier,59,false
2015,Uruguay,Mateo Sanguinetti,Pilier,57,false
2015,Uruguay,Germán Kessler,Talonneur,60,false
2015,Uruguay,Nicolás Klappenbach,Talonneur,58,false
2015,Uruguay,Franco Lamanna,DeuxiemeLigne,60,false
2015,Uruguay,Mathias Palomeque,DeuxiemeLigne,58,false
2015,Uruguay,Santiago Vilaseca,DeuxiemeLigne,56,false
2015,Uruguay,Jorge Zerbino,DeuxiemeLigne,59,false
2015,Uruguay,Agustín Alonso,TroisiemeLigneAile,60,false
2015,Uruguay,Fernando Bascou,TroisiemeLigneAile,58,false
2015,Uruguay,Matías Beer,TroisiemeLigneAile,56,false
2015,Uruguay,Juan de Freitas,TroisiemeLigneAile,59,false
2015,Uruguay,Juan Manuel Gaminara,TroisiemeLigneAile,57,false
2015,Uruguay,Diego Magno,TroisiemeLigneAile,60,false
2015,Uruguay,Alejandro Nieto,TroisiemeLigneCentre,60,false
2015,Uruguay,Alejo Durán,DemiDeMelee,60,false
2015,Uruguay,Agustín Ormaechea,DemiDeMelee,66,false
2015,Uruguay,Felipe Berchesi,DemiOuverture,68,true
2015,Uruguay,Manuel Blengio,DemiOuverture,58,true
2015,Uruguay,Joaquín Prada,Centre,60,false
2015,Uruguay,Alberto Román,Centre,58,false
2015,Uruguay,Andrés Vilaseca,Centre,56,false
2015,Uruguay,Leandro Leivas,Centre,59,false
2015,Uruguay,Francisco Bulanti,Ailier,60,false
2015,Uruguay,Jerónimo Etcheverry,Ailier,58,false
2015,Uruguay,Santiago Gibernau,Ailier,56,false
2015,Uruguay,Gastón Mieres,Arriere,60,false
2015,Uruguay,Rodrigo Silva,Arriere,58,false
2015,Afrique_du_Sud,Frans Malherbe,Pilier,85,false
2015,Afrique_du_Sud,Jannie du Plessis,Pilier,83,false
2015,Afrique_du_Sud,Tendai Mtawarira,Pilier,88,false
2015,Afrique_du_Sud,Trevor Nyakane,Pilier,84,false
2015,Afrique_du_Sud,Coenie Oosthuizen,Pilier,82,false
2015,Afrique_du_Sud,Schalk Brits,Talonneur,85,false
2015,Afrique_du_Sud,Bismarck du Plessis,Talonneur,89,false
2015,Afrique_du_Sud,Adriaan Strauss,Talonneur,81,false
2015,Afrique_du_Sud,Lood de Jager,DeuxiemeLigne,85,false
2015,Afrique_du_Sud,Pieter-Steph du Toit,DeuxiemeLigne,83,false
2015,Afrique_du_Sud,Eben Etzebeth,DeuxiemeLigne,90,false
2015,Afrique_du_Sud,Victor Matfield,DeuxiemeLigne,84,false
2015,Afrique_du_Sud,Willem Alberts,TroisiemeLigneAile,85,false
2015,Afrique_du_Sud,Schalk Burger,TroisiemeLigneAile,88,false
2015,Afrique_du_Sud,Siya Kolisi,TroisiemeLigneAile,81,false
2015,Afrique_du_Sud,Francois Louw,TroisiemeLigneAile,84,false
2015,Afrique_du_Sud,Duane Vermeulen,TroisiemeLigneCentre,92,false
2015,Afrique_du_Sud,Fourie du Preez,DemiDeMelee,90,false
2015,Afrique_du_Sud,Rudy Paige,DemiDeMelee,83,false
2015,Afrique_du_Sud,Ruan Pienaar,DemiDeMelee,81,true
2015,Afrique_du_Sud,Patrick Lambie,DemiOuverture,85,true
2015,Afrique_du_Sud,Morné Steyn,DemiOuverture,83,true
2015,Afrique_du_Sud,Handré Pollard,DemiOuverture,92,true
2015,Afrique_du_Sud,Damian de Allende,Centre,85,false
2015,Afrique_du_Sud,Jesse Kriel,Centre,83,false
2015,Afrique_du_Sud,Jan Serfontein,Centre,81,false
2015,Afrique_du_Sud,Jean de Villiers,Centre,84,false
2015,Afrique_du_Sud,Bryan Habana,Ailier,91,false
2015,Afrique_du_Sud,Lwazi Mvovo,Ailier,83,false
2015,Afrique_du_Sud,JP Pietersen,Ailier,81,false
2015,Afrique_du_Sud,Zane Kirchner,Arriere,85,false
2015,Afrique_du_Sud,Willie le Roux,Arriere,87,false
2015,Écosse,Alasdair Dickinson,Pilier,79,false
2015,Écosse,Ryan Grant,Pilier,77,false
2015,Écosse,Willem Petrus Nel,Pilier,75,false
2015,Écosse,Gordon Reid,Pilier,78,false
2015,Écosse,Jon Welsh,Pilier,76,false
2015,Écosse,Fraser Brown,Talonneur,79,false
2015,Écosse,Kevin Bryce,Talonneur,77,false
2015,Écosse,Ross Ford,Talonneur,75,false
2015,Écosse,Grant Gilchrist,DeuxiemeLigne,79,false
2015,Écosse,Jonny Gray,DeuxiemeLigne,84,false
2015,Écosse,Richie Gray,DeuxiemeLigne,84,false
2015,Écosse,Tim Swinson,DeuxiemeLigne,78,false
2015,Écosse,John Hardie,TroisiemeLigneAile,79,false
2015,Écosse,Josh Strauss,TroisiemeLigneAile,77,false
2015,Écosse,Alasdair Strokosch,TroisiemeLigneAile,75,false
2015,Écosse,Blair Cowan,TroisiemeLigneAile,78,false
2015,Écosse,David Denton,TroisiemeLigneCentre,79,false
2015,Écosse,Ryan Wilson,TroisiemeLigneCentre,77,false
2015,Écosse,Sam Hidalgo-Clyne,DemiDeMelee,79,true
2015,Écosse,Greig Laidlaw,DemiDeMelee,85,true
2015,Écosse,Henry Pyrgos,DemiDeMelee,75,false
2015,Écosse,Finn Russell,DemiOuverture,86,true
2015,Écosse,Duncan Weir,DemiOuverture,77,true
2015,Écosse,Mark Bennett,Centre,79,false
2015,Écosse,Peter Horne,Centre,77,false
2015,Écosse,Matt Scott,Centre,75,false
2015,Écosse,Richie Vernon,Centre,78,false
2015,Écosse,Sean Lamont,Ailier,79,false
2015,Écosse,Sean Maitland,Ailier,77,false
2015,Écosse,Tommy Seymour,Ailier,75,false
2015,Écosse,Tim Visser,Ailier,78,false
2015,Écosse,Stuart Hogg,Arriere,86,true
2015,Samoa,Viliamu Afatia,Pilier,72,false
2015,Samoa,Jake Grey,Pilier,70,false
2015,Samoa,Census Johnston,Pilier,68,false
2015,Samoa,Anthony Perenise,Pilier,71,false
2015,Samoa,Sakaria Taulafo,Pilier,69,false
2015,Samoa,Ole Avei,Talonneur,72,false
2015,Samoa,Manu Leiataua,Talonneur,70,false
2015,Samoa,Motu Matu'u,Talonneur,68,false
2015,Samoa,Filo Paulo,DeuxiemeLigne,72,false
2015,Samoa,Joe Tekori,DeuxiemeLigne,70,false
2015,Samoa,Kane Thompson,DeuxiemeLigne,68,false
2015,Samoa,Faifili Levave,TroisiemeLigneAile,72,false
2015,Samoa,Maurie Fa'asavalu,TroisiemeLigneAile,70,false
2015,Samoa,Alafoti Fa'osiliva,TroisiemeLigneAile,68,false
2015,Samoa,Jack Lam,TroisiemeLigneAile,80,false
2015,Samoa,Ofisa Treviranus,TroisiemeLigneAile,69,false
2015,Samoa,TJ Ioane,TroisiemeLigneCentre,72,false
2015,Samoa,Sanele Vavae Tuilagi,TroisiemeLigneCentre,70,false
2015,Samoa,Vavao Afemai,DemiDeMelee,72,false
2015,Samoa,Kahn Fotuali'i,DemiDeMelee,81,true
2015,Samoa,Patrick Fa'apale,DemiOuverture,72,true
2015,Samoa,Tusi Pisi,DemiOuverture,70,true
2015,Samoa,Michael Stanley,DemiOuverture,68,true
2015,Samoa,Rey Lee-Lo,Centre,72,false
2015,Samoa,Johnny Leota,Centre,70,false
2015,Samoa,Paul Perez,Centre,68,false
2015,Samoa,George Pisi,Centre,71,false
2015,Samoa,Fa'atoina Autagavaia,Ailier,72,false
2015,Samoa,Ken Pisi,Ailier,70,false
2015,Samoa,Alesana Tuilagi,Ailier,82,false
2015,Samoa,Tim Nanai-Williams,Arriere,81,true
2015,Japon,Kensuke Hatakeyama,Pilier,77,false
2015,Japon,Keita Inagaki,Pilier,75,false
2015,Japon,Masataka Mikami,Pilier,73,false
2015,Japon,Hiroshi Yamashita,Pilier,76,false
2015,Japon,Shota Horie,Talonneur,83,false
2015,Japon,Takeshi Kizu,Talonneur,75,false
2015,Japon,Hiroki Yuhara,Talonneur,73,false
2015,Japon,Shoji Ito,DeuxiemeLigne,77,false
2015,Japon,Shinya Makabe,DeuxiemeLigne,75,false
2015,Japon,Hitoshi Ono,DeuxiemeLigne,73,false
2015,Japon,Luke Thompson,DeuxiemeLigne,76,false
2015,Japon,Michael Broadhurst,TroisiemeLigneAile,77,false
2015,Japon,Justin Ives,TroisiemeLigneAile,75,false
2015,Japon,Michael Leitch,TroisiemeLigneAile,88,false
2015,Japon,Hendrik Tui,TroisiemeLigneAile,76,false
2015,Japon,Koliniasi Holani,TroisiemeLigneCentre,77,false
2015,Japon,Amanaki Mafi,TroisiemeLigneCentre,84,false
2015,Japon,Atsushi Hiwasa,DemiDeMelee,77,false
2015,Japon,Fumiaki Tanaka,DemiDeMelee,85,false
2015,Japon,Harumichi Tatekawa,DemiOuverture,77,true
2015,Japon,Kosei Ono,DemiOuverture,75,true
2015,Japon,Kotaro Matsushima,Centre,83,true
2015,Japon,Male Sa'u,Centre,75,false
2015,Japon,Yu Tamura,Centre,73,false
2015,Japon,Craig Wing,Centre,76,false
2015,Japon,Yoshikazu Fujita,Ailier,77,false
2015,Japon,Kenki Fukuoka,Ailier,75,false
2015,Japon,Karne Hesketh,Ailier,84,false
2015,Japon,Toshiaki Hirose,Ailier,76,false
2015,Japon,Akihito Yamada,Ailier,74,false
2015,Japon,Ayumu Goromaru,Arriere,89,true
2015,USA,Chris Baumann,Pilier,64,false
2015,USA,Eric Fry,Pilier,62,false
2015,USA,Olive Kilifi,Pilier,60,false
2015,USA,Titi Lamositele,Pilier,63,false
2015,USA,Matekitonga Moeakiola,Pilier,61,false
2015,USA,Joe Taufete'e,Pilier,64,false
2015,USA,Zach Fenoglio,Talonneur,64,false
2015,USA,Phil Thiel,Talonneur,62,false
2015,USA,Cam Dolan,DeuxiemeLigne,64,false
2015,USA,Greg Peterson,DeuxiemeLigne,62,false
2015,USA,Hayden Smith,DeuxiemeLigne,60,false
2015,USA,Louis Stanfill,DeuxiemeLigne,63,false
2015,USA,Andrew Durutalo,TroisiemeLigneAile,64,false
2015,USA,Matt Trouville,TroisiemeLigneAile,62,false
2015,USA,Alastair McFarland,TroisiemeLigneAile,60,false
2015,USA,John Quill,TroisiemeLigneAile,63,false
2015,USA,Danny Barrett,TroisiemeLigneCentre,64,false
2015,USA,Samu Manoa,TroisiemeLigneCentre,78,false
2015,USA,Niku Kruger,DemiDeMelee,64,false
2015,USA,Mike Petri,DemiDeMelee,62,false
2015,USA,AJ MacGinty,DemiOuverture,74,true
2015,USA,Shalom Suniula,DemiOuverture,62,true
2015,USA,Seamus Kelly,Centre,64,false
2015,USA,Folau Niua,Centre,62,true
2015,USA,Thretton Palamo,Centre,60,false
2015,USA,Andrew Suniula,Centre,63,false
2015,USA,Takudzwa Ngwenya,Ailier,72,false
2015,USA,Blaine Scully,Ailier,72,false
2015,USA,Zack Test,Ailier,60,false
2015,USA,Brett Thompson,Ailier,63,false
2015,USA,Chris Wyles,Arriere,73,true
2015,Nouvelle_Zélande,Wyatt Crockett,Pilier,88,false
2015,Nouvelle_Zélande,Charlie Faumuina,Pilier,86,false
2015,Nouvelle_Zélande,Ben Franks,Pilier,84,false
2015,Nouvelle_Zélande,Owen Franks,Pilier,87,false
2015,Nouvelle_Zélande,Joe Moody,Pilier,85,false
2015,Nouvelle_Zélande,Tony Woodcock,Pilier,88,false
2015,Nouvelle_Zélande,Dane Coles,Talonneur,90,false
2015,Nouvelle_Zélande,Keven Mealamu,Talonneur,86,false
2015,Nouvelle_Zélande,Codie Taylor,Talonneur,84,false
2015,Nouvelle_Zélande,Brodie Retallick,DeuxiemeLigne,94,false
2015,Nouvelle_Zélande,Luke Romano,DeuxiemeLigne,86,false
2015,Nouvelle_Zélande,Sam Whitelock,DeuxiemeLigne,91,false
2015,Nouvelle_Zélande,Sam Cane,TroisiemeLigneAile,88,false
2015,Nouvelle_Zélande,Jerome Kaino,TroisiemeLigneAile,86,false
2015,Nouvelle_Zélande,Richie McCaw,TroisiemeLigneAile,96,false
2015,Nouvelle_Zélande,Liam Messam,TroisiemeLigneAile,87,false
2015,Nouvelle_Zélande,Kieran Read,TroisiemeLigneCentre,93,false
2015,Nouvelle_Zélande,Victor Vito,TroisiemeLigneCentre,86,false
2015,Nouvelle_Zélande,Tawera Kerr-Barlow,DemiDeMelee,88,false
2015,Nouvelle_Zélande,TJ Perenara,DemiDeMelee,86,false
2015,Nouvelle_Zélande,Aaron Smith,DemiDeMelee,91,false
2015,Nouvelle_Zélande,Beauden Barrett,DemiOuverture,94,true
2015,Nouvelle_Zélande,Daniel Carter,DemiOuverture,97,true
2015,Nouvelle_Zélande,Colin Slade,DemiOuverture,84,true
2015,Nouvelle_Zélande,Malakai Fekitoa,Centre,88,false
2015,Nouvelle_Zélande,Ma'a Nonu,Centre,92,false
2015,Nouvelle_Zélande,Conrad Smith,Centre,90,false
2015,Nouvelle_Zélande,Sonny Bill Williams,Centre,87,false
2015,Nouvelle_Zélande,Nehe Milner-Skudder,Ailier,90,false
2015,Nouvelle_Zélande,Waisake Naholo,Ailier,86,false
2015,Nouvelle_Zélande,Julian Savea,Ailier,93,false
2015,Nouvelle_Zélande,Ben Smith,Arriere,92,false
2015,Argentine,Marcos Ayerza,Pilier,83,false
2015,Argentine,Nahuel Tetaz Chaparro,Pilier,81,false
2015,Argentine,Ramiro Herrera,Pilier,79,false
2015,Argentine,Lucas Noguera Paz,Pilier,82,false
2015,Argentine,Juan Figallo,Pilier,80,false
2015,Argentine,Juan Pablo Orlandi,Pilier,83,false
2015,Argentine,Santiago García Botta,Pilier,81,false
2015,Argentine,Agustín Creevy,Talonneur,90,false
2015,Argentine,Julián Montoya,Talonneur,81,false
2015,Argentine,Matias Alemanno,DeuxiemeLigne,83,false
2015,Argentine,Mariano Galarza,DeuxiemeLigne,81,false
2015,Argentine,Tomás Lavanini,DeuxiemeLigne,79,false
2015,Argentine,Guido Petti Pagadizábal,DeuxiemeLigne,82,false
2015,Argentine,Juan Manuel Leguizamón,TroisiemeLigneAile,83,false
2015,Argentine,Juan Martín Fernández Lobbe,TroisiemeLigneAile,86,false
2015,Argentine,Pablo Matera,TroisiemeLigneAile,88,false
2015,Argentine,Javier Ortega Desio,TroisiemeLigneAile,82,false
2015,Argentine,Leonardo Senatore,TroisiemeLigneCentre,83,false
2015,Argentine,Facundo Isa,TroisiemeLigneCentre,85,false
2015,Argentine,Tomás Cubelli,DemiDeMelee,86,false
2015,Argentine,Martín Landajo,DemiDeMelee,81,false
2015,Argentine,Santiago González Iglesias,DemiOuverture,83,true
2015,Argentine,Juan Martín Hernández,DemiOuverture,81,true
2015,Argentine,Nicolás Sánchez,DemiOuverture,91,true
2015,Argentine,Marcelo Bosch,Centre,83,true
2015,Argentine,Jerónimo de la Fuente,Centre,81,false
2015,Argentine,Matías Moroni,Centre,79,false
2015,Argentine,Juan Pablo Socino,Centre,82,false
2015,Argentine,Horacio Agulla,Ailier,83,false
2015,Argentine,Santiago Cordero,Ailier,81,false
2015,Argentine,Juan Imhoff,Ailier,89,false
2015,Argentine,Lucas González Amorosino,Arriere,83,false
2015,Argentine,Joaquín Tuculet,Arriere,87,false
2015,Tonga,Halani Aulika,Pilier,70,false
2015,Tonga,Tevita Mailau,Pilier,68,false
2015,Tonga,Sila Puafisi,Pilier,66,false
2015,Tonga,Sona Taumalolo,Pilier,69,false
2015,Tonga,Soane Tonga'uiha,Pilier,67,false
2015,Tonga,Aleki Lutui,Talonneur,70,false
2015,Tonga,Paul Ngauamo,Talonneur,68,false
2015,Tonga,Elvis Taione,Talonneur,66,false
2015,Tonga,Uili Kolo'ofai,DeuxiemeLigne,70,false
2015,Tonga,Tukulua Lokotui,DeuxiemeLigne,68,false
2015,Tonga,Steve Mafi,DeuxiemeLigne,66,false
2015,Tonga,Joseph Tu'ineau,DeuxiemeLigne,69,false
2015,Tonga,Sione Kalamafoni,TroisiemeLigneAile,70,false
2015,Tonga,Nili Latu,TroisiemeLigneAile,68,false
2015,Tonga,Jack Ram,TroisiemeLigneAile,66,false
2015,Tonga,Hale T-Pole,TroisiemeLigneAile,69,false
2015,Tonga,Opeti Fonua,TroisiemeLigneCentre,70,false
2015,Tonga,Viliami Ma'afu,TroisiemeLigneCentre,68,false
2015,Tonga,Samisoni Fisilau,DemiDeMelee,70,false
2015,Tonga,Sosefo Ma'ake,DemiDeMelee,68,false
2015,Tonga,Sonatane Takulua,DemiDeMelee,66,true
2015,Tonga,Latiume Fosita,DemiOuverture,70,true
2015,Tonga,Kurt Morath,DemiOuverture,68,true
2015,Tonga,Sione Piukala,Centre,70,false
2015,Tonga,Siale Piutau,Centre,68,false
2015,Tonga,Viliami Tahitu'a,Centre,66,false
2015,Tonga,David Halaifonua,Ailier,70,true
2015,Tonga,William Helu,Ailier,68,false
2015,Tonga,Fetu'u Vainikolo,Ailier,66,false
2015,Tonga,Telusa Veainu,Ailier,69,true
2015,Tonga,Vungakoto Lilo,Arriere,70,true
2015,Géorgie,Karlen Asieshvili,Pilier,69,false
2015,Géorgie,Levan Chilachava,Pilier,67,false
2015,Géorgie,Davit Kubriashvili,Pilier,65,false
2015,Géorgie,Mikheil Nariashvili,Pilier,75,false
2015,Géorgie,Davit Zirakashvili,Pilier,66,false
2015,Géorgie,Anton Peikrishvili,Pilier,69,false
2015,Géorgie,Jaba Bregvadze,Talonneur,69,false
2015,Géorgie,Shalva Mamukashvili,Talonneur,67,false
2015,Géorgie,Simon Maisuradze,Talonneur,65,false
2015,Géorgie,Georgi Chkhaidze,DeuxiemeLigne,69,false
2015,Géorgie,Levan Datunashvili,DeuxiemeLigne,67,false
2015,Géorgie,Konstantin Mikautadze,DeuxiemeLigne,65,false
2015,Géorgie,Giorgi Nemsadze,DeuxiemeLigne,68,false
2015,Géorgie,Mamuka Gorgodze,TroisiemeLigneAile,83,false
2015,Géorgie,Viktor Kolelishvili,TroisiemeLigneAile,67,false
2015,Géorgie,Shalva Sutiashvili,TroisiemeLigneAile,65,false
2015,Géorgie,Giorgi Tkhilaishvili,TroisiemeLigneAile,68,false
2015,Géorgie,Lasha Lomidze,TroisiemeLigneCentre,69,false
2015,Géorgie,Giorgi Begadze,DemiDeMelee,69,false
2015,Géorgie,Vazha Khutsishvili,DemiDeMelee,67,false
2015,Géorgie,Vasil Lobzhanidze,DemiDeMelee,65,false
2015,Géorgie,Lasha Khmaladze,DemiOuverture,69,true
2015,Géorgie,Lasha Malaguradze,DemiOuverture,67,true
2015,Géorgie,Davit Kacharava,Centre,69,false
2015,Géorgie,Merab Sharikadze,Centre,75,false
2015,Géorgie,Tamaz Mchedlidze,Centre,65,false
2015,Géorgie,Giorgi Aptsiauri,Ailier,69,false
2015,Géorgie,Muraz Giorgadze,Ailier,67,false
2015,Géorgie,Giorgi Pruidze,Ailier,65,false
2015,Géorgie,Alexander Todua,Ailier,68,false
2015,Géorgie,Merab Kvirikashvili,Arriere,76,true
2015,Géorgie,Beka Tsiklauri,Arriere,67,true
2015,Namibie,Aranos Coetzee,Pilier,62,false
2015,Namibie,AJ de Klerk,Pilier,60,false
2015,Namibie,Jaco Engels,Pilier,58,false
2015,Namibie,Raoul Larson,Pilier,61,false
2015,Namibie,Johnny Redelinghuys,Pilier,59,false
2015,Namibie,Casper Viviers,Pilier,62,false
2015,Namibie,Torsten van Jaarsveld,Talonneur,62,false
2015,Namibie,Louis van der Westhuizen,Talonneur,60,false
2015,Namibie,Tjiuee Uanivi,DeuxiemeLigne,62,false
2015,Namibie,Janco Venter,DeuxiemeLigne,60,false
2015,Namibie,Renaldo Bothma,TroisiemeLigneAile,62,false
2015,Namibie,Jacques Burger,TroisiemeLigneAile,76,false
2015,Namibie,Tinus du Plessis,TroisiemeLigneAile,58,false
2015,Namibie,Rohan Kitshoff,TroisiemeLigneAile,61,false
2015,Namibie,Wian Conradie,TroisiemeLigneAile,59,false
2015,Namibie,Leneve Damens,TroisiemeLigneCentre,62,false
2015,Namibie,Pieter-Jan van Lill,TroisiemeLigneCentre,60,false
2015,Namibie,Eniell Buitendag,DemiDeMelee,62,false
2015,Namibie,Eugene Jantjies,DemiDeMelee,60,false
2015,Namibie,Damian Stevens,DemiDeMelee,58,false
2015,Namibie,Theuns Kotzé,DemiOuverture,71,true
2015,Namibie,Darryl de la Harpe,Centre,62,false
2015,Namibie,Johan Deysel,Centre,70,false
2015,Namibie,JC Greyling,Centre,58,false
2015,Namibie,Danie van Wyk,Centre,61,false
2015,Namibie,Conrad Marais,Ailier,62,false
2015,Namibie,David Philander,Ailier,60,false
2015,Namibie,Heinrich Smit,Ailier,58,false
2015,Namibie,Russell van Wyk,Ailier,61,false
2015,Namibie,Chrysander Botha,Arriere,62,false
2015,Namibie,Johan Tromp,Arriere,60,false
2015,France,Uini Atonio,Pilier,79,false
2015,France,Eddy Ben Arous,Pilier,77,false
2015,France,Vincent Debaty,Pilier,75,false
2015,France,Nicolas Mas,Pilier,78,false
2015,France,Rabah Slimani,Pilier,76,false
2015,France,Guilhem Guirado,Talonneur,86,false
2015,France,Benjamin Kayser,Talonneur,77,false
2015,France,Dimitri Szarzewski,Talonneur,75,false
2015,France,Alexandre Flanquart,DeuxiemeLigne,79,false
2015,France,Yoann Maestri,DeuxiemeLigne,77,false
2015,France,Pascal Papé,DeuxiemeLigne,75,false
2015,France,Thierry Dusautoir,TroisiemeLigneAile,88,false
2015,France,Bernard Le Roux,TroisiemeLigneAile,77,false
2015,France,Yannick Nyanga,TroisiemeLigneAile,75,false
2015,France,Fulgence Ouedraogo,TroisiemeLigneAile,78,false
2015,France,Damien Chouly,TroisiemeLigneCentre,79,false
2015,France,Louis Picamoles,TroisiemeLigneCentre,87,false
2015,France,Rory Kockott,DemiDeMelee,79,true
2015,France,Morgan Parra,DemiDeMelee,84,true
2015,France,Sébastien Tillous-Borde,DemiDeMelee,75,false
2015,France,Frédéric Michalak,DemiOuverture,79,true
2015,France,Rémi Talès,DemiOuverture,77,true
2015,France,Mathieu Bastareaud,Centre,84,false
2015,France,Alexandre Dumoulin,Centre,77,false
2015,France,Gaël Fickou,Centre,75,false
2015,France,Wesley Fofana,Centre,85,false
2015,France,Rémy Grosso,Ailier,79,false
2015,France,Sofiane Guitoune,Ailier,77,false
2015,France,Yoann Huget,Ailier,75,false
2015,France,Noa Nakaitaci,Ailier,78,false
2015,France,Brice Dulin,Arriere,79,false
2015,France,Scott Spedding,Arriere,77,true
2015,Irlande,Tadhg Furlong,Pilier,80,false
2015,Irlande,Cian Healy,Pilier,78,false
2015,Irlande,Jack McGrath,Pilier,76,false
2015,Irlande,Mike Ross,Pilier,79,false
2015,Irlande,Nathan White,Pilier,77,false
2015,Irlande,Rory Best,Talonneur,86,false
2015,Irlande,Sean Cronin,Talonneur,78,false
2015,Irlande,Richardt Strauss,Talonneur,76,false
2015,Irlande,Iain Henderson,DeuxiemeLigne,80,false
2015,Irlande,Mike McCarthy,DeuxiemeLigne,78,false
2015,Irlande,Paul O'Connell,DeuxiemeLigne,89,false
2015,Irlande,Donnacha Ryan,DeuxiemeLigne,79,false
2015,Irlande,Devin Toner,DeuxiemeLigne,77,false
2015,Irlande,Chris Henry,TroisiemeLigneAile,80,false
2015,Irlande,Jordi Murphy,TroisiemeLigneAile,78,false
2015,Irlande,Sean O'Brien,TroisiemeLigneAile,87,false
2015,Irlande,Peter O'Mahony,TroisiemeLigneAile,79,false
2015,Irlande,Rhys Ruddock,TroisiemeLigneAile,77,false
2015,Irlande,Jamie Heaslip,TroisiemeLigneCentre,87,false
2015,Irlande,Conor Murray,DemiDeMelee,88,true
2015,Irlande,Eoin Reddan,DemiDeMelee,78,false
2015,Irlande,Paddy Jackson,DemiOuverture,80,true
2015,Irlande,Ian Madigan,DemiOuverture,78,true
2015,Irlande,Jonathan Sexton,DemiOuverture,90,true
2015,Irlande,Darren Cave,Centre,80,false
2015,Irlande,Keith Earls,Centre,78,false
2015,Irlande,Robbie Henshaw,Centre,85,false
2015,Irlande,Jared Payne,Centre,79,false
2015,Irlande,Tommy Bowe,Ailier,80,false
2015,Irlande,Luke Fitzgerald,Ailier,78,false
2015,Irlande,David Kearney,Ailier,76,false
2015,Irlande,Simon Zebo,Ailier,79,false
2015,Irlande,Rob Kearney,Arriere,80,false
2015,Italie,Matias Aguero,Pilier,72,false
2015,Italie,Martin Castrogiovanni,Pilier,70,false
2015,Italie,Dario Chistolini,Pilier,68,false
2015,Italie,Lorenzo Cittadini,Pilier,71,false
2015,Italie,Michele Rizzo,Pilier,69,false
2015,Italie,Alberto de Marchi,Pilier,72,false
2015,Italie,Andrea Lovotti,Pilier,70,false
2015,Italie,Leonardo Ghiraldini,Talonneur,82,false
2015,Italie,Davide Giazzon,Talonneur,70,false
2015,Italie,Andrea Manici,Talonneur,68,false
2015,Italie,Quintin Geldenhuys,DeuxiemeLigne,72,false
2015,Italie,Joshua Furno,DeuxiemeLigne,70,false
2015,Italie,Valerio Bernabo,DeuxiemeLigne,68,false
2015,Italie,Marco Fuser,DeuxiemeLigne,71,false
2015,Italie,Mauro Bergamasco,TroisiemeLigneAile,72,false
2015,Italie,Alessandro Zanni,TroisiemeLigneAile,70,false
2015,Italie,Francesco Minto,TroisiemeLigneAile,68,false
2015,Italie,Samuela Vunisa,TroisiemeLigneAile,71,false
2015,Italie,Sergio Parisse,TroisiemeLigneCentre,90,false
2015,Italie,Simone Favaro,TroisiemeLigneCentre,70,false
2015,Italie,Edoardo Gori,DemiDeMelee,72,false
2015,Italie,Guglielmo Palazzani,DemiDeMelee,70,false
2015,Italie,Marcello Violi,DemiDeMelee,68,false
2015,Italie,Tommaso Allan,DemiOuverture,80,true
2015,Italie,Carlo Canna,DemiOuverture,70,true
2015,Italie,Enrico Bacchin,Centre,72,false
2015,Italie,Andrea Masi,Centre,70,false
2015,Italie,Michele Campagnaro,Centre,80,false
2015,Italie,Luca Morisi,Centre,71,false
2015,Italie,Tommaso Benvenuti,Centre,69,false
2015,Italie,Gonzalo García,Centre,72,false
2015,Italie,Angelo Esposito,Ailier,72,false
2015,Italie,Giovanbattista Venditti,Ailier,70,false
2015,Italie,Leonardo Sarto,Ailier,68,false
2015,Italie,Luke McLean,Arriere,72,true
2015,Canada,Hubert Buydens,Pilier,63,false
2015,Canada,Jake Ilnicki,Pilier,61,false
2015,Canada,Djustice Sears-Duru,Pilier,59,false
2015,Canada,Andrew Tiedemann,Pilier,62,false
2015,Canada,Doug Wooldridge,Pilier,60,false
2015,Canada,Ray Barkwill,Talonneur,63,false
2015,Canada,Aaron Carpenter,Talonneur,61,false
2015,Canada,Benoît Piffero,Talonneur,59,false
2015,Canada,Brett Beukeboom,DeuxiemeLigne,63,false
2015,Canada,Jamie Cudmore,DeuxiemeLigne,72,false
2015,Canada,Evan Olmstead,DeuxiemeLigne,59,false
2015,Canada,Nanyak Dala,TroisiemeLigneAile,63,false
2015,Canada,Kyle Gilmour,TroisiemeLigneAile,61,false
2015,Canada,John Moonlight,TroisiemeLigneAile,59,false
2015,Canada,Jebb Sinclair,TroisiemeLigneAile,62,false
2015,Canada,Tyler Ardron,TroisiemeLigneCentre,74,false
2015,Canada,Richard Thorpe,TroisiemeLigneCentre,61,false
2015,Canada,Phil Mack,DemiDeMelee,63,true
2015,Canada,Jamie Mackenzie,DemiDeMelee,61,false
2015,Canada,Gordon McRorie,DemiDeMelee,59,true
2015,Canada,Nathan Hirayama,DemiOuverture,63,true
2015,Canada,Liam Underwood,DemiOuverture,61,true
2015,Canada,James Pritchard,DemiOuverture,59,true
2015,Canada,Nick Blevins,Centre,63,false
2015,Canada,Connor Braid,Centre,61,false
2015,Canada,Ciaran Hearn,Centre,59,true
2015,Canada,Conor Trainor,Centre,62,false
2015,Canada,Jeff Hassler,Ailier,63,false
2015,Canada,Phil Mackenzie,Ailier,61,false
2015,Canada,DTH van der Merwe,Ailier,73,true
2015,Canada,Matt Evans,Arriere,63,false
2015,Canada,Harry Jones,Arriere,61,false
2015,Roumanie,Mihăiță Lazăr,Pilier,64,false
2015,Roumanie,Ion Paulică,Pilier,62,false
2015,Roumanie,Horațiu Pungea,Pilier,60,false
2015,Roumanie,Alexandru Țăruș,Pilier,63,false
2015,Roumanie,Andrei Ursache,Pilier,61,false
2015,Roumanie,Eugen Căpățână,Talonneur,64,false
2015,Roumanie,Andrei Rădoi,Talonneur,62,false
2015,Roumanie,Otar Turashvili,Talonneur,60,false
2015,Roumanie,Marius Antonescu,DeuxiemeLigne,64,false
2015,Roumanie,Valentin Poparlan,DeuxiemeLigne,62,false
2015,Roumanie,Valentin Ursache,DeuxiemeLigne,60,false
2015,Roumanie,Johannes van Heerden,DeuxiemeLigne,63,false
2015,Roumanie,Stelian Burcea,TroisiemeLigneAile,64,false
2015,Roumanie,Viorel Lucaci,TroisiemeLigneAile,62,false
2015,Roumanie,Mihai Macovei,TroisiemeLigneAile,70,false
2015,Roumanie,Daniel Carpo,TroisiemeLigneCentre,64,false
2015,Roumanie,Ovidiu Tonița,TroisiemeLigneCentre,62,false
2015,Roumanie,Tudorel Bratu,DemiDeMelee,64,false
2015,Roumanie,Valentin Calafeteanu,DemiDeMelee,62,false
2015,Roumanie,Florin Surugiu,DemiDeMelee,60,false
2015,Roumanie,Dănuț Dumbravă,DemiOuverture,64,true
2015,Roumanie,Michael Wiringi,DemiOuverture,62,true
2015,Roumanie,Minya Csaba Gal,Centre,64,false
2015,Roumanie,Paula Fakavainga Kinikinilau,Centre,62,false
2015,Roumanie,Florin Vlaicu,Centre,69,true
2015,Roumanie,Adrian Apostol,Ailier,64,false
2015,Roumanie,Ionuț Botezatu,Ailier,62,false
2015,Roumanie,Florin Ioniță,Ailier,60,false
2015,Roumanie,Mădălin Lemnaru,Ailier,63,false
2015,Roumanie,Cătălin Fercu,Arriere,64,false
2015,Roumanie,Sabin Strătilă,Arriere,62,false
2011,Nouvelle_Zélande,John Afoa,Pilier,88,false
2011,Nouvelle_Zélande,Ben Franks,Pilier,86,false
2011,Nouvelle_Zélande,Owen Franks,Pilier,84,false
2011,Nouvelle_Zélande,Tony Woodcock,Pilier,90,false
2011,Nouvelle_Zélande,Corey Flynn,Talonneur,88,false
2011,Nouvelle_Zélande,Andrew Hore,Talonneur,86,false
2011,Nouvelle_Zélande,Keven Mealamu,Talonneur,84,false
2011,Nouvelle_Zélande,Anthony Boric,DeuxiemeLigne,88,false
2011,Nouvelle_Zélande,Brad Thorn,DeuxiemeLigne,90,false
2011,Nouvelle_Zélande,Sam Whitelock,DeuxiemeLigne,89,false
2011,Nouvelle_Zélande,Ali Williams,DeuxiemeLigne,87,false
2011,Nouvelle_Zélande,Victor Vito,TroisiemeLigneAile,88,false
2011,Nouvelle_Zélande,Richie McCaw,TroisiemeLigneAile,96,false
2011,Nouvelle_Zélande,Adam Thomson,TroisiemeLigneAile,84,false
2011,Nouvelle_Zélande,Jerome Kaino,TroisiemeLigneAile,94,false
2011,Nouvelle_Zélande,Kieran Read,TroisiemeLigneCentre,92,false
2011,Nouvelle_Zélande,Jimmy Cowan,DemiDeMelee,88,false
2011,Nouvelle_Zélande,Andrew Ellis,DemiDeMelee,86,false
2011,Nouvelle_Zélande,Piri Weepu,DemiDeMelee,88,true
2011,Nouvelle_Zélande,Daniel Carter,DemiOuverture,95,true
2011,Nouvelle_Zélande,Colin Slade,DemiOuverture,86,true
2011,Nouvelle_Zélande,Aaron Cruden,DemiOuverture,84,true
2011,Nouvelle_Zélande,Stephen Donald,DemiOuverture,84,true
2011,Nouvelle_Zélande,Richard Kahui,Centre,88,false
2011,Nouvelle_Zélande,Ma'a Nonu,Centre,93,false
2011,Nouvelle_Zélande,Conrad Smith,Centre,92,false
2011,Nouvelle_Zélande,Sonny Bill Williams,Centre,87,false
2011,Nouvelle_Zélande,Israel Dagg,Ailier,88,false
2011,Nouvelle_Zélande,Zac Guildford,Ailier,86,false
2011,Nouvelle_Zélande,Cory Jane,Ailier,87,false
2011,Nouvelle_Zélande,Hosea Gear,Ailier,87,false
2011,Nouvelle_Zélande,Mils Muliaina,Arriere,86,false
2011,Nouvelle_Zélande,Isaia Toeava,Arriere,86,false
2011,France,Fabien Barcella,Pilier,86,false
2011,France,Jean-Baptiste Poux,Pilier,84,false
2011,France,Luc Ducalcon,Pilier,82,false
2011,France,Nicolas Mas,Pilier,85,false
2011,France,Dimitri Szarzewski,Talonneur,86,false
2011,France,William Servat,Talonneur,87,false
2011,France,Guilhem Guirado,Talonneur,82,false
2011,France,Pascal Papé,DeuxiemeLigne,84,false
2011,France,Julien Pierre,DeuxiemeLigne,84,false
2011,France,Romain Millo-Chluski,DeuxiemeLigne,82,false
2011,France,Lionel Nallet,DeuxiemeLigne,85,false
2011,France,Julien Bonnaire,TroisiemeLigneAile,86,false
2011,France,Thierry Dusautoir,TroisiemeLigneAile,95,false
2011,France,Fulgence Ouedraogo,TroisiemeLigneAile,82,false
2011,France,Imanol Harinordoquy,TroisiemeLigneAile,90,false
2011,France,Louis Picamoles,TroisiemeLigneCentre,87,false
2011,France,Raphaël Lakafia,TroisiemeLigneCentre,84,false
2011,France,Dimitri Yachvili,DemiDeMelee,88,true
2011,France,Morgan Parra,DemiDeMelee,89,true
2011,France,David Skrela,DemiOuverture,86,true
2011,France,François Trinh-Duc,DemiOuverture,85,true
2011,France,Jean-Marc Doussain,DemiOuverture,82,true
2011,France,Fabrice Estebanez,Centre,86,false
2011,France,Maxime Mermoz,Centre,84,false
2011,France,David Marty,Centre,82,false
2011,France,Aurélien Rougerie,Centre,86,false
2011,France,Maxime Médard,Ailier,86,true
2011,France,Alexis Palisson,Ailier,84,false
2011,France,Vincent Clerc,Ailier,88,false
2011,France,Damien Traille,Arriere,86,true
2011,France,Cédric Heymans,Arriere,84,false
2011,Tonga,Soane Tonga'uiha,Pilier,76,false
2011,Tonga,Sona Taumalolo,Pilier,71,false
2011,Tonga,Kisi Pulu,Pilier,69,false
2011,Tonga,Taufa'ao Filise,Pilier,72,false
2011,Tonga,Halani Aulika,Pilier,70,false
2011,Tonga,Aleki Lutui,Talonneur,73,false
2011,Tonga,Ephraim Taukafa,Talonneur,71,false
2011,Tonga,Ilaisa Ma'asi,Talonneur,69,false
2011,Tonga,Joseph Tu'ineau,DeuxiemeLigne,73,false
2011,Tonga,Paino Kelekolio Hehea,DeuxiemeLigne,71,false
2011,Tonga,Sione Timani,DeuxiemeLigne,69,false
2011,Tonga,Sione Kalamafoni,TroisiemeLigneAile,73,false
2011,Tonga,Lua Lokotui,TroisiemeLigneAile,71,false
2011,Tonga,Finau Maka,TroisiemeLigneAile,69,false
2011,Tonga,Sione Vaiomo'unga,TroisiemeLigneAile,72,false
2011,Tonga,Viliami Ma'afu,TroisiemeLigneCentre,73,false
2011,Tonga,Samiu Vahafolau,TroisiemeLigneCentre,71,false
2011,Tonga,Taniela Moa,DemiDeMelee,73,false
2011,Tonga,Samisoni Fisilau,DemiDeMelee,71,false
2011,Tonga,Tomasi Palu,DemiDeMelee,69,false
2011,Tonga,Kurt Morath,DemiOuverture,75,true
2011,Tonga,Andrew Ma'ilei,Centre,73,false
2011,Tonga,Alipate Fatafehi,Centre,71,false
2011,Tonga,Siale Piutau,Centre,74,false
2011,Tonga,Suka Hufanga,Centre,72,false
2011,Tonga,William Helu,Ailier,73,false
2011,Tonga,Fetu'u Vainikolo,Ailier,71,false
2011,Tonga,Viliame Iongi,Ailier,69,false
2011,Tonga,Alaska Taufa,Ailier,72,false
2011,Tonga,Vungakoto Lilo,Arriere,73,true
2011,Canada,Scott Franklin,Pilier,67,false
2011,Canada,Hubert Buydens,Pilier,65,false
2011,Canada,Jason Marshall,Pilier,63,false
2011,Canada,Andrew Tiedemann,Pilier,66,false
2011,Canada,Frank Walsh,Pilier,64,false
2011,Canada,Pat Riordan,Talonneur,67,false
2011,Canada,Ryan Hamilton,Talonneur,65,false
2011,Canada,Brian Erichsen,DeuxiemeLigne,67,false
2011,Canada,Jamie Cudmore,DeuxiemeLigne,72,false
2011,Canada,Tyler Hotson,DeuxiemeLigne,63,false
2011,Canada,Chauncey O'Toole,TroisiemeLigneAile,67,false
2011,Canada,Adam Kleeberger,TroisiemeLigneAile,71,false
2011,Canada,Nanyak Dala,TroisiemeLigneAile,63,false
2011,Canada,Jeremy Kyne,TroisiemeLigneAile,66,false
2011,Canada,Jebb Sinclair,TroisiemeLigneCentre,67,false
2011,Canada,Aaron Carpenter,TroisiemeLigneCentre,65,false
2011,Canada,Ed Fairhurst,DemiDeMelee,67,false
2011,Canada,Jamie MacKenzie,DemiDeMelee,65,false
2011,Canada,Sean White,DemiDeMelee,63,false
2011,Canada,Ander Monro,DemiOuverture,67,true
2011,Canada,Nathan Hirayama,DemiOuverture,65,true
2011,Canada,Conor Trainor,Centre,67,false
2011,Canada,Mike Scholz,Centre,65,false
2011,Canada,Ryan Smith,Centre,63,false
2011,Canada,DTH van der Merwe,Ailier,73,true
2011,Canada,Phil MacKenzie,Ailier,65,false
2011,Canada,Taylor Paris,Ailier,63,false
2011,Canada,Matt Evans,Ailier,66,false
2011,Canada,James Pritchard,Arriere,71,true
2011,Canada,Ciaran Hearn,Arriere,65,true
2011,Japon,Hisateru Hirashima,Pilier,66,false
2011,Japon,Naoki Kawamata,Pilier,64,false
2011,Japon,Kensuke Hatakeyama,Pilier,62,false
2011,Japon,Nozomu Fujita,Pilier,65,false
2011,Japon,Yusuke Aoki,Talonneur,66,false
2011,Japon,Shota Horie,Talonneur,74,false
2011,Japon,Hiroki Yuhara,Talonneur,62,false
2011,Japon,Hitoshi Ono,DeuxiemeLigne,66,false
2011,Japon,Toshizumi Kitagawa,DeuxiemeLigne,64,false
2011,Japon,Luke Thompson,DeuxiemeLigne,62,false
2011,Japon,Yuji Kitagawa,DeuxiemeLigne,65,false
2011,Japon,Takashi Kikutani,TroisiemeLigneAile,66,false
2011,Japon,Michael Leitch,TroisiemeLigneAile,76,false
2011,Japon,Sione Vatuvei,TroisiemeLigneAile,62,false
2011,Japon,Koliniasi Holani,TroisiemeLigneCentre,66,false
2011,Japon,Toetsu Taufa,TroisiemeLigneCentre,64,false
2011,Japon,Itaru Taniguchi,TroisiemeLigneCentre,62,false
2011,Japon,Fumiaki Tanaka,DemiDeMelee,75,false
2011,Japon,Tomoki Yoshida,DemiDeMelee,64,false
2011,Japon,Atsushi Hiwasa,DemiDeMelee,62,false
2011,Japon,Ippei Asada,DemiDeMelee,65,false
2011,Japon,James Arlidge,DemiOuverture,66,true
2011,Japon,Murray Williams,DemiOuverture,64,true
2011,Japon,Yuta Imamura,Centre,66,false
2011,Japon,Ryan Nicholas,Centre,64,false
2011,Japon,Koji Taira,Centre,62,false
2011,Japon,Alisi Tupuailei,Centre,65,false
2011,Japon,Bryce Robins,Centre,63,false
2011,Japon,Hirotoki Onozawa,Ailier,66,false
2011,Japon,Kosuke Endo,Ailier,64,false
2011,Japon,Takehisa Usuzuki,Ailier,62,false
2011,Japon,Shaun Webb,Arriere,66,false
2011,Japon,Taihei Ueda,Arriere,64,true
2011,Argentine,Marcos Ayerza,Pilier,83,false
2011,Argentine,Juan Figallo,Pilier,76,false
2011,Argentine,Maximiliano Bustos,Pilier,74,false
2011,Argentine,Rodrigo Roncero,Pilier,77,false
2011,Argentine,Martín Scelzo,Pilier,75,false
2011,Argentine,Mario Ledesma,Talonneur,84,false
2011,Argentine,Agustín Creevy,Talonneur,83,false
2011,Argentine,Patricio Albacete,DeuxiemeLigne,85,false
2011,Argentine,Manuel Carizza,DeuxiemeLigne,76,false
2011,Argentine,Mariano Galarza,DeuxiemeLigne,74,false
2011,Argentine,Tomás Vallejos Cinalli,DeuxiemeLigne,77,false
2011,Argentine,Juan Manuel Leguizamón,TroisiemeLigneAile,78,false
2011,Argentine,Leonardo Senatore,TroisiemeLigneAile,76,false
2011,Argentine,Genaro Fessia,TroisiemeLigneAile,74,false
2011,Argentine,Julio Farías Cabello,TroisiemeLigneAile,77,false
2011,Argentine,Juan Martín Fernández Lobbe,TroisiemeLigneCentre,87,false
2011,Argentine,Alejandro Campos,TroisiemeLigneCentre,76,false
2011,Argentine,Alfredo Lalanne,DemiDeMelee,78,false
2011,Argentine,Nicolás Vergallo,DemiDeMelee,76,false
2011,Argentine,Nicolás Sánchez,DemiOuverture,78,true
2011,Argentine,Felipe Contepomi,DemiOuverture,87,true
2011,Argentine,Agustín Gosio,Centre,78,false
2011,Argentine,Santiago Fernández,Centre,76,false
2011,Argentine,Marcelo Bosch,Centre,74,true
2011,Argentine,Gonzalo Tiesi,Centre,77,false
2011,Argentine,Horacio Agulla,Ailier,78,false
2011,Argentine,Juan Imhoff,Ailier,84,false
2011,Argentine,Gonzalo Camacho,Ailier,74,false
2011,Argentine,Lucas Borges,Ailier,77,false
2011,Argentine,Martín Rodríguez Gurruchaga,Arriere,78,true
2011,Argentine,Lucas González Amorosino,Arriere,76,false
2011,Angleterre,Dan Cole,Pilier,84,false
2011,Angleterre,Alex Corbisiero,Pilier,78,false
2011,Angleterre,Andrew Sheridan,Pilier,76,false
2011,Angleterre,Matt Stevens,Pilier,79,false
2011,Angleterre,David Wilson,Pilier,77,false
2011,Angleterre,Dylan Hartley,Talonneur,83,false
2011,Angleterre,Lee Mears,Talonneur,78,false
2011,Angleterre,Steve Thompson,Talonneur,76,false
2011,Angleterre,Louis Deacon,DeuxiemeLigne,80,false
2011,Angleterre,Courtney Lawes,DeuxiemeLigne,78,false
2011,Angleterre,Tom Palmer,DeuxiemeLigne,76,false
2011,Angleterre,Simon Shaw,DeuxiemeLigne,79,false
2011,Angleterre,Tom Croft,TroisiemeLigneAile,84,false
2011,Angleterre,James Haskell,TroisiemeLigneAile,78,false
2011,Angleterre,Lewis Moody,TroisiemeLigneAile,84,false
2011,Angleterre,Tom Wood,TroisiemeLigneAile,79,false
2011,Angleterre,Nick Easter,TroisiemeLigneCentre,80,false
2011,Angleterre,Thomas Waldrom,TroisiemeLigneCentre,78,false
2011,Angleterre,Joe Simpson,DemiDeMelee,80,false
2011,Angleterre,Richard Wigglesworth,DemiDeMelee,78,false
2011,Angleterre,Ben Youngs,DemiDeMelee,85,false
2011,Angleterre,Toby Flood,DemiOuverture,80,true
2011,Angleterre,Jonny Wilkinson,DemiOuverture,90,true
2011,Angleterre,Shontayne Hape,Centre,80,false
2011,Angleterre,Mike Tindall,Centre,78,false
2011,Angleterre,Manu Tuilagi,Centre,87,false
2011,Angleterre,Chris Ashton,Ailier,86,false
2011,Angleterre,Matt Banahan,Ailier,78,false
2011,Angleterre,Mark Cueto,Ailier,76,false
2011,Angleterre,Delon Armitage,Arriere,80,true
2011,Angleterre,Ben Foden,Arriere,78,false
2011,Écosse,Geoff Cross,Pilier,75,false
2011,Écosse,Alasdair Dickinson,Pilier,73,false
2011,Écosse,Allan Jacobsen,Pilier,71,false
2011,Écosse,Moray Low,Pilier,74,false
2011,Écosse,Euan Murray,Pilier,72,false
2011,Écosse,Ross Ford,Talonneur,75,false
2011,Écosse,Dougie Hall,Talonneur,73,false
2011,Écosse,Scott Lawson,Talonneur,71,false
2011,Écosse,Richie Gray,DeuxiemeLigne,75,false
2011,Écosse,Jim Hamilton,DeuxiemeLigne,73,false
2011,Écosse,Nathan Hines,DeuxiemeLigne,71,false
2011,Écosse,Alastair Kellock,DeuxiemeLigne,74,false
2011,Écosse,John Barclay,TroisiemeLigneAile,75,false
2011,Écosse,Kelly Brown,TroisiemeLigneAile,73,false
2011,Écosse,Ross Rennie,TroisiemeLigneAile,71,false
2011,Écosse,Alasdair Strokosch,TroisiemeLigneAile,74,false
2011,Écosse,Richie Vernon,TroisiemeLigneCentre,75,false
2011,Écosse,Mike Blair,DemiDeMelee,75,true
2011,Écosse,Chris Cusiter,DemiDeMelee,73,false
2011,Écosse,Rory Lawson,DemiDeMelee,71,false
2011,Écosse,Ruaridh Jackson,DemiOuverture,75,true
2011,Écosse,Dan Parks,DemiOuverture,73,true
2011,Écosse,Joe Ansbro,Centre,75,false
2011,Écosse,Nick De Luca,Centre,73,false
2011,Écosse,Graeme Morrison,Centre,71,false
2011,Écosse,Simon Danielli,Ailier,75,false
2011,Écosse,Max Evans,Ailier,73,false
2011,Écosse,Sean Lamont,Ailier,71,false
2011,Écosse,Rory Lamont,Arriere,75,false
2011,Écosse,Chris Paterson,Arriere,73,true
2011,Géorgie,Vasil Kakovin,Pilier,69,false
2011,Géorgie,Davit Khinchaguishvili,Pilier,67,false
2011,Géorgie,Davit Kubriashvili,Pilier,65,false
2011,Géorgie,Goderdzi Shvelidze,Pilier,68,false
2011,Géorgie,Davit Zirakashvili,Pilier,66,false
2011,Géorgie,Jaba Bregvadze,Talonneur,69,false
2011,Géorgie,Akvsenti Giorgadze,Talonneur,67,false
2011,Géorgie,Levan Datunashvili,DeuxiemeLigne,69,false
2011,Géorgie,Vakhtang Maisuradze,DeuxiemeLigne,67,false
2011,Géorgie,Giorgi Nemsadze,DeuxiemeLigne,65,false
2011,Géorgie,Ilia Zedguinidze,DeuxiemeLigne,68,false
2011,Géorgie,Givi Berishvili,TroisiemeLigneAile,69,false
2011,Géorgie,Georgi Chkhaidze,TroisiemeLigneAile,67,false
2011,Géorgie,Viktor Kolelishvili,TroisiemeLigneAile,65,false
2011,Géorgie,Shalva Sutiashvili,TroisiemeLigneAile,68,false
2011,Géorgie,Dimitri Basilaia,TroisiemeLigneCentre,69,false
2011,Géorgie,Mamuka Gorgodze,TroisiemeLigneCentre,82,false
2011,Géorgie,Irakli Abuseridze,DemiDeMelee,69,false
2011,Géorgie,Bidzina Samkharadze,DemiDeMelee,67,false
2011,Géorgie,Lasha Khmaladze,DemiOuverture,69,true
2011,Géorgie,Merab Kvirikashvili,DemiOuverture,75,true
2011,Géorgie,Lasha Malaguradze,DemiOuverture,65,true
2011,Géorgie,Revaz Gigauri,Centre,69,false
2011,Géorgie,Davit Kacharava,Centre,67,false
2011,Géorgie,Alexander Todua,Centre,65,false
2011,Géorgie,Tedo Zibzibadze,Centre,68,false
2011,Géorgie,Irakli Chkhikvadze,Ailier,69,false
2011,Géorgie,Lexo Gugava,Ailier,67,false
2011,Géorgie,Irakli Machkhaneli,Ailier,65,false
2011,Géorgie,Malkhaz Urjukashvili,Arriere,69,true
2011,Roumanie,Nicolae Dragos Dima,Pilier,64,false
2011,Roumanie,Silviu Florea,Pilier,62,false
2011,Roumanie,Paulică Ion,Pilier,60,false
2011,Roumanie,Mihaita Lazăr,Pilier,63,false
2011,Roumanie,Nicolae Nere,Pilier,61,false
2011,Roumanie,Marius Tincu,Talonneur,64,false
2011,Roumanie,Bogdan Zebega,Talonneur,62,false
2011,Roumanie,Cristian Petre,DeuxiemeLigne,64,false
2011,Roumanie,Valentin Poparlan,DeuxiemeLigne,62,false
2011,Roumanie,Cosmin Ratiu,DeuxiemeLigne,60,false
2011,Roumanie,Valentin Ursache,DeuxiemeLigne,63,false
2011,Roumanie,Stelian Burcea,TroisiemeLigneAile,64,false
2011,Roumanie,Daniel Ianus,TroisiemeLigneAile,62,false
2011,Roumanie,Mihai Macovei,TroisiemeLigneAile,70,false
2011,Roumanie,Ovidiu Tonița,TroisiemeLigneAile,63,false
2011,Roumanie,Daniel Carpo,TroisiemeLigneCentre,64,false
2011,Roumanie,Valentin Calafeteanu,DemiDeMelee,64,false
2011,Roumanie,Lucian Sîrbu,DemiDeMelee,62,false
2011,Roumanie,Florin Surugiu,DemiDeMelee,60,false
2011,Roumanie,Iulian Dumitraș,DemiOuverture,64,true
2011,Roumanie,Ionel Cazan,Centre,64,false
2011,Roumanie,Ionuț Dimofte,Centre,62,true
2011,Roumanie,Minya Csaba Gal,Centre,60,false
2011,Roumanie,Constantin Gheara,Centre,63,false
2011,Roumanie,Stefan Ciuntu,Ailier,64,false
2011,Roumanie,Mădălin Lemnaru,Ailier,62,false
2011,Roumanie,Cătălin Nicolae,Ailier,60,false
2011,Roumanie,Adrian Apostol,Ailier,63,false
2011,Roumanie,Dan Dumbrava,Arriere,64,true
2011,Roumanie,Florin Vlaicu,Arriere,69,true
2011,Australie,Ben Alexander,Pilier,84,false
2011,Australie,Sekope Kepu,Pilier,82,false
2011,Australie,Salesi Ma'afu,Pilier,80,false
2011,Australie,James Slipper,Pilier,83,false
2011,Australie,Saia Fainga'a,Talonneur,84,false
2011,Australie,Stephen Moore,Talonneur,85,false
2011,Australie,Tatafu Polota-Nau,Talonneur,80,false
2011,Australie,James Horwill,DeuxiemeLigne,87,false
2011,Australie,Nathan Sharpe,DeuxiemeLigne,82,false
2011,Australie,Rob Simmons,DeuxiemeLigne,80,false
2011,Australie,Dan Vickerman,DeuxiemeLigne,83,false
2011,Australie,Rocky Elsom,TroisiemeLigneAile,86,false
2011,Australie,Scott Higginbotham,TroisiemeLigneAile,82,false
2011,Australie,David Pocock,TroisiemeLigneAile,94,false
2011,Australie,Radike Samo,TroisiemeLigneAile,83,false
2011,Australie,Ben McCalman,TroisiemeLigneCentre,84,false
2011,Australie,Wycliff Palu,TroisiemeLigneCentre,82,false
2011,Australie,Matt Hodgson,TroisiemeLigneCentre,80,false
2011,Australie,Luke Burgess,DemiDeMelee,84,false
2011,Australie,Will Genia,DemiDeMelee,92,false
2011,Australie,Nick Phipps,DemiDeMelee,80,false
2011,Australie,Berrick Barnes,DemiOuverture,84,true
2011,Australie,Quade Cooper,DemiOuverture,88,true
2011,Australie,Adam Ashley-Cooper,Centre,88,false
2011,Australie,Anthony Fainga'a,Centre,82,false
2011,Australie,Rob Horne,Centre,80,false
2011,Australie,Pat McCabe,Centre,83,false
2011,Australie,Digby Ioane,Ailier,86,false
2011,Australie,Drew Mitchell,Ailier,82,false
2011,Australie,James O'Connor,Ailier,89,true
2011,Australie,Lachie Turner,Ailier,83,false
2011,Australie,Kurtley Beale,Arriere,89,true
2011,Irlande,Tony Buckley,Pilier,81,false
2011,Irlande,Tom Court,Pilier,79,false
2011,Irlande,Cian Healy,Pilier,77,false
2011,Irlande,Mike Ross,Pilier,80,false
2011,Irlande,Rory Best,Talonneur,85,false
2011,Irlande,Jerry Flannery,Talonneur,79,false
2011,Irlande,Sean Cronin,Talonneur,77,false
2011,Irlande,Damien Varley,Talonneur,80,false
2011,Irlande,Donncha O'Callaghan,DeuxiemeLigne,81,false
2011,Irlande,Paul O'Connell,DeuxiemeLigne,91,false
2011,Irlande,Leo Cullen,DeuxiemeLigne,77,false
2011,Irlande,Stephen Ferris,TroisiemeLigneAile,85,false
2011,Irlande,Donnacha Ryan,TroisiemeLigneAile,79,false
2011,Irlande,Sean O'Brien,TroisiemeLigneAile,88,false
2011,Irlande,Shane Jennings,TroisiemeLigneAile,80,false
2011,Irlande,Jamie Heaslip,TroisiemeLigneCentre,87,false
2011,Irlande,Denis Leamy,TroisiemeLigneCentre,79,false
2011,Irlande,Isaac Boss,DemiDeMelee,81,false
2011,Irlande,Eoin Reddan,DemiDeMelee,79,false
2011,Irlande,Conor Murray,DemiDeMelee,77,true
2011,Irlande,Jonathan Sexton,DemiOuverture,89,true
2011,Irlande,Ronan O'Gara,DemiOuverture,88,true
2011,Irlande,Brian O'Driscoll,Centre,92,false
2011,Irlande,Gordon D'Arcy,Centre,79,true
2011,Irlande,Fergus McFadden,Centre,77,true
2011,Irlande,Paddy Wallace,Centre,80,false
2011,Irlande,Tommy Bowe,Ailier,86,false
2011,Irlande,Andrew Trimble,Ailier,79,false
2011,Irlande,Keith Earls,Ailier,77,false
2011,Irlande,Rob Kearney,Arriere,85,false
2011,Irlande,Geordan Murphy,Arriere,79,true
2011,Italie,Martin Castrogiovanni,Pilier,84,false
2011,Italie,Lorenzo Cittadini,Pilier,70,false
2011,Italie,Andrea Lo Cicero,Pilier,68,false
2011,Italie,Salvatore Perugini,Pilier,71,false
2011,Italie,Leonardo Ghiraldini,Talonneur,72,false
2011,Italie,Fabio Ongaro,Talonneur,70,false
2011,Italie,Tommaso D'Apice,Talonneur,68,false
2011,Italie,Marco Bortolami,DeuxiemeLigne,72,false
2011,Italie,Carlo Del Fava,DeuxiemeLigne,70,false
2011,Italie,Quintin Geldenhuys,DeuxiemeLigne,68,false
2011,Italie,Cornelius van Zyl,DeuxiemeLigne,71,false
2011,Italie,Robert Barbieri,TroisiemeLigneAile,72,false
2011,Italie,Mauro Bergamasco,TroisiemeLigneAile,70,false
2011,Italie,Paul Derbyshire,TroisiemeLigneAile,68,false
2011,Italie,Alessandro Zanni,TroisiemeLigneAile,71,false
2011,Italie,Sergio Parisse,TroisiemeLigneCentre,89,false
2011,Italie,Pablo Canavosio,DemiDeMelee,72,false
2011,Italie,Edoardo Gori,DemiDeMelee,70,false
2011,Italie,Fabio Semenzato,DemiDeMelee,68,false
2011,Italie,Riccardo Bocchino,DemiOuverture,72,true
2011,Italie,Luciano Orquera,DemiOuverture,70,true
2011,Italie,Gonzalo Canale,Centre,72,false
2011,Italie,Gonzalo García,Centre,70,false
2011,Italie,Andrea Masi,Centre,68,false
2011,Italie,Alberto Sgarbi,Centre,71,false
2011,Italie,Tommaso Benvenuti,Ailier,72,false
2011,Italie,Mirco Bergamasco,Ailier,82,false
2011,Italie,Matteo Pratichetti,Ailier,68,false
2011,Italie,Giulio Toniolatti,Ailier,71,false
2011,Italie,Luke McLean,Arriere,72,true
2011,Russie,Alexander Khrokin,Pilier,62,false
2011,Russie,Sergey Popov,Pilier,60,false
2011,Russie,Ivan Prishchepenko,Pilier,58,false
2011,Russie,Alexei Travkin,Pilier,61,false
2011,Russie,Vladimir Botvinnikov,Pilier,59,false
2011,Russie,Vladislav Korshunov,Talonneur,62,false
2011,Russie,Evgeni Matveev,Talonneur,60,false
2011,Russie,Valeri Tsnobiladze,Talonneur,58,false
2011,Russie,Denis Antonov,DeuxiemeLigne,62,false
2011,Russie,Adam Byrnes,DeuxiemeLigne,60,false
2011,Russie,Andreï Ostreïkov,DeuxiemeLigne,58,false
2011,Russie,Alexander Voytov,DeuxiemeLigne,61,false
2011,Russie,Artem Fatakhov,TroisiemeLigneAile,62,false
2011,Russie,Andreï Garbuzov,TroisiemeLigneAile,60,false
2011,Russie,Mikhail Sidorov,TroisiemeLigneAile,58,false
2011,Russie,Viacheslav Grachev,TroisiemeLigneCentre,62,false
2011,Russie,Viktor Gresev,TroisiemeLigneCentre,60,false
2011,Russie,Andrei Bykanov,DemiDeMelee,62,false
2011,Russie,Alexander Shakirov,DemiDeMelee,60,false
2011,Russie,Alexander Yanyushkin,DemiDeMelee,58,false
2011,Russie,Yuri Kushnarev,DemiOuverture,62,true
2011,Russie,Konstantin Rachkov,DemiOuverture,60,true
2011,Russie,Mikhail Babaev,Centre,62,false
2011,Russie,Sergey Trishin,Centre,60,false
2011,Russie,Alexei Makovetski,Centre,58,false
2011,Russie,Vasily Artemiev,Ailier,69,false
2011,Russie,Andrei Kuzin,Ailier,60,false
2011,Russie,Vladimir Ostroushko,Ailier,58,false
2011,Russie,Igor Klyuchnikov,Arriere,62,false
2011,Russie,Denis Simplikevich,Arriere,60,false
2011,USA,Eric Fry,Pilier,65,false
2011,USA,Mike MacDonald,Pilier,63,false
2011,USA,Matekitonga Moeakiola,Pilier,61,false
2011,USA,Shawn Pittman,Pilier,64,false
2011,USA,Chris Biller,Talonneur,65,false
2011,USA,Brian McClenahan,Talonneur,63,false
2011,USA,Phil Thiel,Talonneur,61,false
2011,USA,Scott LaValla,DeuxiemeLigne,65,false
2011,USA,Hayden Smith,DeuxiemeLigne,63,false
2011,USA,John van der Giessen,DeuxiemeLigne,61,false
2011,USA,Inaki Basauri,TroisiemeLigneAile,65,false
2011,USA,Todd Clever,TroisiemeLigneAile,76,false
2011,USA,Pat Danahy,TroisiemeLigneAile,61,false
2011,USA,Louis Stanfill,TroisiemeLigneAile,64,false
2011,USA,JJ Gagiano,TroisiemeLigneCentre,65,false
2011,USA,Nic Johnson,TroisiemeLigneCentre,63,false
2011,USA,Mike Petri,DemiDeMelee,65,false
2011,USA,Tim Usasz,DemiDeMelee,63,false
2011,USA,Valenese Malifa,DemiOuverture,65,true
2011,USA,Roland Suniula,DemiOuverture,63,true
2011,USA,Paul Emerick,Centre,65,false
2011,USA,Tai Enosa,Centre,63,false
2011,USA,Junior Sifa,Centre,61,false
2011,USA,Andrew Suniula,Centre,64,false
2011,USA,Colin Hawley,Ailier,65,false
2011,USA,Takudzwa Ngwenya,Ailier,74,false
2011,USA,James Paterson,Ailier,61,false
2011,USA,Kevin Swiryn,Ailier,64,false
2011,USA,Blaine Scully,Arriere,65,false
2011,USA,Chris Wyles,Arriere,73,true
2011,Afrique_du_Sud,Jannie du Plessis,Pilier,83,false
2011,Afrique_du_Sud,Tendai Mtawarira,Pilier,88,false
2011,Afrique_du_Sud,Gurthrö Steenkamp,Pilier,79,false
2011,Afrique_du_Sud,CJ van der Linde,Pilier,82,false
2011,Afrique_du_Sud,Bismarck du Plessis,Talonneur,89,false
2011,Afrique_du_Sud,Chiliboy Ralepelle,Talonneur,81,false
2011,Afrique_du_Sud,John Smit,Talonneur,87,false
2011,Afrique_du_Sud,Bakkies Botha,DeuxiemeLigne,83,false
2011,Afrique_du_Sud,Victor Matfield,DeuxiemeLigne,90,false
2011,Afrique_du_Sud,Johann Muller,DeuxiemeLigne,79,false
2011,Afrique_du_Sud,Danie Rossouw,DeuxiemeLigne,82,false
2011,Afrique_du_Sud,Heinrich Brüssow,TroisiemeLigneAile,83,false
2011,Afrique_du_Sud,Schalk Burger,TroisiemeLigneAile,88,false
2011,Afrique_du_Sud,Francois Louw,TroisiemeLigneAile,85,false
2011,Afrique_du_Sud,Willem Alberts,TroisiemeLigneCentre,83,false
2011,Afrique_du_Sud,Pierre Spies,TroisiemeLigneCentre,81,false
2011,Afrique_du_Sud,Fourie du Preez,DemiDeMelee,91,false
2011,Afrique_du_Sud,Francois Hougaard,DemiDeMelee,81,false
2011,Afrique_du_Sud,Ruan Pienaar,DemiDeMelee,79,true
2011,Afrique_du_Sud,Butch James,DemiOuverture,83,true
2011,Afrique_du_Sud,Morné Steyn,DemiOuverture,87,true
2011,Afrique_du_Sud,Juan de Jongh,Centre,83,false
2011,Afrique_du_Sud,Jean de Villiers,Centre,86,false
2011,Afrique_du_Sud,Jaque Fourie,Centre,86,false
2011,Afrique_du_Sud,Gio Aplon,Ailier,83,false
2011,Afrique_du_Sud,Bryan Habana,Ailier,89,false
2011,Afrique_du_Sud,Odwa Ndungane,Ailier,79,false
2011,Afrique_du_Sud,JP Pietersen,Ailier,82,false
2011,Afrique_du_Sud,Patrick Lambie,Arriere,83,true
2011,Afrique_du_Sud,François Steyn,Arriere,81,true
2011,Afrique_du_Sud,Zane Kirchner,Arriere,79,false
2011,Pays_de_Galles,Gethin Jenkins,Pilier,83,false
2011,Pays_de_Galles,Ryan Bevington,Pilier,81,false
2011,Pays_de_Galles,Adam Jones,Pilier,86,false
2011,Pays_de_Galles,Paul James,Pilier,82,false
2011,Pays_de_Galles,Craig Mitchell,Pilier,80,false
2011,Pays_de_Galles,Huw Bennett,Talonneur,83,false
2011,Pays_de_Galles,Lloyd Burns,Talonneur,81,false
2011,Pays_de_Galles,Ken Owens,Talonneur,79,false
2011,Pays_de_Galles,Alun Wyn Jones,DeuxiemeLigne,86,false
2011,Pays_de_Galles,Bradley Davies,DeuxiemeLigne,81,false
2011,Pays_de_Galles,Luke Charteris,DeuxiemeLigne,79,false
2011,Pays_de_Galles,Dan Lydiate,TroisiemeLigneAile,83,false
2011,Pays_de_Galles,Sam Warburton,TroisiemeLigneAile,91,false
2011,Pays_de_Galles,Ryan Jones,TroisiemeLigneCentre,83,false
2011,Pays_de_Galles,Toby Faletau,TroisiemeLigneCentre,86,false
2011,Pays_de_Galles,Andy Powell,TroisiemeLigneCentre,79,false
2011,Pays_de_Galles,Michael Phillips,DemiDeMelee,88,false
2011,Pays_de_Galles,Lloyd Williams,DemiDeMelee,81,false
2011,Pays_de_Galles,Tavis Knoyle,DemiDeMelee,79,false
2011,Pays_de_Galles,James Hook,DemiOuverture,83,true
2011,Pays_de_Galles,Stephen Jones,DemiOuverture,81,true
2011,Pays_de_Galles,Rhys Priestland,DemiOuverture,79,true
2011,Pays_de_Galles,Jamie Roberts,Centre,89,false
2011,Pays_de_Galles,Jonathan Davies,Centre,85,false
2011,Pays_de_Galles,Scott Williams,Centre,79,false
2011,Pays_de_Galles,Leigh Halfpenny,Ailier,87,true
2011,Pays_de_Galles,Shane Williams,Ailier,87,false
2011,Pays_de_Galles,Aled Brew,Ailier,79,false
2011,Pays_de_Galles,George North,Ailier,89,false
2011,Pays_de_Galles,Lee Byrne,Arriere,83,false
2011,Fidji,Waisea Nailago,Pilier,72,false
2011,Fidji,Campese Ma'afu,Pilier,70,false
2011,Fidji,Deacon Manu,Pilier,68,false
2011,Fidji,Setefano Somoca,Pilier,71,false
2011,Fidji,Sunia Koto,Talonneur,72,false
2011,Fidji,Talemaitoga Tuapati,Talonneur,70,false
2011,Fidji,Viliame Veikoso,Talonneur,68,false
2011,Fidji,Sekonaia Kalou,DeuxiemeLigne,72,false
2011,Fidji,Wame Lewaravu,DeuxiemeLigne,70,false
2011,Fidji,Leone Nakarawa,DeuxiemeLigne,79,false
2011,Fidji,Rupeni Nasiga,DeuxiemeLigne,71,false
2011,Fidji,Akapusi Qera,TroisiemeLigneAile,78,false
2011,Fidji,Malakai Ravulo,TroisiemeLigneAile,70,false
2011,Fidji,Netani Talei,TroisiemeLigneAile,68,false
2011,Fidji,Dominiko Waqaniburotu,TroisiemeLigneAile,71,false
2011,Fidji,Sisa Koyamaibole,TroisiemeLigneCentre,72,false
2011,Fidji,Sakiusa Matadigo,TroisiemeLigneCentre,70,false
2011,Fidji,Vitori Buatava,DemiDeMelee,72,false
2011,Fidji,Nemia Kenatale,DemiDeMelee,70,false
2011,Fidji,Nicky Little,DemiOuverture,72,true
2011,Fidji,Waisea Luveniyali,DemiOuverture,70,true
2011,Fidji,Seremaia Bai,Centre,72,false
2011,Fidji,Ravai Fatiaki,Centre,70,false
2011,Fidji,Gabiriele Lovobalavu,Centre,68,false
2011,Fidji,Albert Vulivuli,Centre,71,false
2011,Fidji,Vereniki Goneva,Ailier,72,false
2011,Fidji,Napolioni Nalaga,Ailier,77,false
2011,Fidji,Michael Tagicakibau,Ailier,68,false
2011,Fidji,Iliesa Keresoni,Arriere,72,false
2011,Fidji,Kini Murimurivalu,Arriere,70,false
2011,Samoa,Census Johnston,Pilier,78,false
2011,Samoa,Logovi'i Mulipola,Pilier,72,false
2011,Samoa,Anthony Perenise,Pilier,70,false
2011,Samoa,Sakaria Taulafo,Pilier,73,false
2011,Samoa,Ole Avei,Talonneur,74,false
2011,Samoa,Ti'i Paulo,Talonneur,72,false
2011,Samoa,Mahonri Schwalger,Talonneur,70,false
2011,Samoa,Filipo Levi,DeuxiemeLigne,74,false
2011,Samoa,Daniel Leo,DeuxiemeLigne,72,false
2011,Samoa,Iosefa Tekori,DeuxiemeLigne,70,false
2011,Samoa,Maurie Fa'asavalu,TroisiemeLigneAile,74,false
2011,Samoa,Manaia Salavea,TroisiemeLigneAile,72,false
2011,Samoa,Kane Thompson,TroisiemeLigneAile,70,false
2011,Samoa,Ofisa Treviranus,TroisiemeLigneAile,73,false
2011,Samoa,Taiasina Tuifua,TroisiemeLigneAile,71,false
2011,Samoa,George Stowers,TroisiemeLigneCentre,74,false
2011,Samoa,Kahn Fotuali'i,DemiDeMelee,80,true
2011,Samoa,Augustino Poluleuligaga,DemiDeMelee,72,false
2011,Samoa,Jeremy Su'a,DemiDeMelee,70,false
2011,Samoa,Tasesa Lavea,DemiOuverture,74,true
2011,Samoa,Tusi Pisi,DemiOuverture,72,true
2011,Samoa,Johnny Leota,Centre,74,false
2011,Samoa,Seilala Mapusua,Centre,72,false
2011,Samoa,Eliota Fuimaono-Sapolu,Centre,70,false
2011,Samoa,George Pisi,Centre,73,false
2011,Samoa,David Lemi,Ailier,74,false
2011,Samoa,Sailosi Tagicakibau,Ailier,72,false
2011,Samoa,Alesana Tuilagi,Ailier,81,false
2011,Samoa,James So'oialo,Arriere,74,true
2011,Samoa,Paul Williams,Arriere,72,false
2011,Namibie,Jane du Toit,Pilier,60,false
2011,Namibie,Raoul Larson,Pilier,58,false
2011,Namibie,Johnny Redelinghuys,Pilier,56,false
2011,Namibie,Marius Visser,Pilier,59,false
2011,Namibie,Hugo Horn,Talonneur,60,false
2011,Namibie,Egbertus O'Callaghan,Talonneur,58,false
2011,Namibie,Nico Esterhuyse,DeuxiemeLigne,60,false
2011,Namibie,Hendrik Franken,DeuxiemeLigne,58,false
2011,Namibie,Wacca Kazombiaze,DeuxiemeLigne,56,false
2011,Namibie,Heinz Koll,DeuxiemeLigne,59,false
2011,Namibie,Jacques Burger,TroisiemeLigneAile,76,false
2011,Namibie,Tinus du Plessis,TroisiemeLigneAile,58,false
2011,Namibie,Rohan Kitshoff,TroisiemeLigneAile,56,false
2011,Namibie,Renaud van Neel,TroisiemeLigneAile,59,false
2011,Namibie,Jacques Nieuwenhuis,TroisiemeLigneCentre,60,false
2011,Namibie,Pieter-Jan van Lill,TroisiemeLigneCentre,58,false
2011,Namibie,Ryan de la Harpe,DemiDeMelee,60,false
2011,Namibie,Eugene Jantjies,DemiDeMelee,58,false
2011,Namibie,Theuns Kotze,DemiOuverture,70,true
2011,Namibie,Tertius Losper,DemiOuverture,58,true
2011,Namibie,Darryl de la Harpe,Centre,60,false
2011,Namibie,David Philander,Centre,58,false
2011,Namibie,Danie van Wyk,Centre,56,false
2011,Namibie,Piet van Zyl,Centre,59,false
2011,Namibie,Heini Bock,Ailier,60,false
2011,Namibie,Conrad Marais,Ailier,58,false
2011,Namibie,McGrath van Wyk,Ailier,56,false
2011,Namibie,Llelwellyn Winkler,Ailier,59,false
2011,Namibie,Chrysander Botha,Arriere,60,false
2011,Namibie,Danie Dames,Arriere,58,false
2007,Angleterre,Perry Freshwater,Pilier,86,False
2007,Angleterre,Andrew Sheridan,Pilier,84,False
2007,Angleterre,Matt Stevens,Pilier,82,False
2007,Angleterre,Phil Vickery,Pilier,88,False
2007,Angleterre,George Chuter,Talonneur,83,False
2007,Angleterre,Lee Mears,Talonneur,86,False
2007,Angleterre,Mark Regan,Talonneur,84,False
2007,Angleterre,Steve Borthwick,DeuxiemeLigne,82,False
2007,Angleterre,Ben Kay,DeuxiemeLigne,85,False
2007,Angleterre,Simon Shaw,DeuxiemeLigne,87,False
2007,Angleterre,Lewis Moody,TroisiemeLigneAile,86,False
2007,Angleterre,Tom Rees,TroisiemeLigneAile,84,False
2007,Angleterre,Joe Worsley,TroisiemeLigneAile,82,False
2007,Angleterre,Martin Corry,TroisiemeLigneCentre,85,False
2007,Angleterre,Lawrence Dallaglio,TroisiemeLigneCentre,89,False
2007,Angleterre,Nick Easter,TroisiemeLigneCentre,86,False
2007,Angleterre,Andy Gomarsall,DemiDeMelee,84,False
2007,Angleterre,Shaun Perry,DemiDeMelee,82,False
2007,Angleterre,Peter Richards,DemiDeMelee,85,False
2007,Angleterre,Jonny Wilkinson,DemiOuverture,93,True
2007,Angleterre,Olly Barkley,DemiOuverture,86,True
2007,Angleterre,Mike Catt,Centre,87,True
2007,Angleterre,Andy Farrell,Centre,82,True
2007,Angleterre,Dan Hipkiss,Centre,85,False
2007,Angleterre,Jamie Noon,Centre,83,False
2007,Angleterre,Mathew Tait,Centre,86,False
2007,Angleterre,Toby Flood,Centre,84,True
2007,Angleterre,Jason Robinson,Ailier,90,False
2007,Angleterre,Paul Sackey,Ailier,85,False
2007,Angleterre,Mark Cueto,Arriere,83,False
2007,Angleterre,Josh Lewsey,Arriere,86,False
2007,Samoa,Census Johnston,Pilier,80,False
2007,Samoa,Justin Va'a,Pilier,70,False
2007,Samoa,Kas Lealamanu'a,Pilier,73,False
2007,Samoa,Mo Schwalger,Talonneur,71,False
2007,Samoa,Muliufi Salanoa,Talonneur,74,False
2007,Samoa,Silao Vaisola Sefo,Talonneur,72,False
2007,Samoa,Tani Fuga,Talonneur,70,False
2007,Samoa,Kane Thompson,DeuxiemeLigne,73,False
2007,Samoa,Daniel Leo,DeuxiemeLigne,71,False
2007,Samoa,Siu Lafaialii,DeuxiemeLigne,74,False
2007,Samoa,Semo Sititi,TroisiemeLigneAile,72,False
2007,Samoa,Ulia Ulia,TroisiemeLigneAile,70,False
2007,Samoa,Justin Purdie,TroisiemeLigneAile,73,False
2007,Samoa,Alfie Vaeluaga,TroisiemeLigneAile,71,False
2007,Samoa,Henry Tuilagi,TroisiemeLigneCentre,74,False
2007,Samoa,Iosefa Tekori,TroisiemeLigneCentre,72,False
2007,Samoa,Steven So'oialo,DemiDeMelee,70,False
2007,Samoa,Junior Poluleuligaga,DemiDeMelee,73,False
2007,Samoa,Loki Crichton,DemiOuverture,71,True
2007,Samoa,Lolo Lui,DemiOuverture,74,True
2007,Samoa,Seilala Mapusua,Centre,72,False
2007,Samoa,Eliota Fuimaono-Sapolu,Centre,70,False
2007,Samoa,Jerry Meafou,Centre,73,False
2007,Samoa,Elvis Seveali'i,Centre,71,False
2007,Samoa,Brian Lima,Ailier,82,False
2007,Samoa,David Lemi,Ailier,72,False
2007,Samoa,Lome Fa'atau,Ailier,70,False
2007,Samoa,Alesana Tuilagi,Ailier,82,False
2007,Samoa,Gavin Williams,Arriere,71,True
2007,Afrique_du_Sud,BJ Botha,Pilier,88,False
2007,Afrique_du_Sud,Jannie du Plessis,Pilier,86,False
2007,Afrique_du_Sud,Os du Randt,Pilier,90,False
2007,Afrique_du_Sud,Gurthrö Steenkamp,Pilier,87,False
2007,Afrique_du_Sud,CJ van der Linde,Pilier,85,False
2007,Afrique_du_Sud,Gary Botha,Talonneur,88,False
2007,Afrique_du_Sud,Bismarck du Plessis,Talonneur,89,False
2007,Afrique_du_Sud,John Smit,Talonneur,93,False
2007,Afrique_du_Sud,Bakkies Botha,DeuxiemeLigne,91,False
2007,Afrique_du_Sud,Victor Matfield,DeuxiemeLigne,95,False
2007,Afrique_du_Sud,Johann Muller,DeuxiemeLigne,88,False
2007,Afrique_du_Sud,Albert van den Berg,DeuxiemeLigne,86,False
2007,Afrique_du_Sud,Schalk Burger,TroisiemeLigneAile,92,False
2007,Afrique_du_Sud,Danie Rossouw,TroisiemeLigneAile,87,False
2007,Afrique_du_Sud,Juan Smith,TroisiemeLigneAile,85,False
2007,Afrique_du_Sud,Wikus van Heerden,TroisiemeLigneAile,88,False
2007,Afrique_du_Sud,Bobby Skinstad,TroisiemeLigneCentre,86,False
2007,Afrique_du_Sud,Fourie du Preez,DemiDeMelee,94,False
2007,Afrique_du_Sud,Ricky Januarie,DemiDeMelee,87,False
2007,Afrique_du_Sud,Ruan Pienaar,DemiDeMelee,85,True
2007,Afrique_du_Sud,Butch James,DemiOuverture,88,True
2007,Afrique_du_Sud,Andre Pretorius,DemiOuverture,86,True
2007,Afrique_du_Sud,Jean de Villiers,Centre,84,False
2007,Afrique_du_Sud,Jaque Fourie,Centre,87,False
2007,Afrique_du_Sud,Wynand Olivier,Centre,85,False
2007,Afrique_du_Sud,Wayne Julies,Centre,88,False
2007,Afrique_du_Sud,Bryan Habana,Ailier,97,False
2007,Afrique_du_Sud,Akona Ndungane,Ailier,84,False
2007,Afrique_du_Sud,JP Pietersen,Ailier,87,False
2007,Afrique_du_Sud,Ashwin Willemse,Ailier,85,False
2007,Afrique_du_Sud,Percy Montgomery,Arriere,93,True
2007,Afrique_du_Sud,François Steyn,Arriere,88,True
2007,USA,Mike MacDonald,Pilier,61,False
2007,USA,Chris Osentowski,Pilier,64,False
2007,USA,Jonathan Vitale,Pilier,62,False
2007,USA,Matekitonga Moeakiola,Pilier,65,False
2007,USA,Blake Burdette,Talonneur,63,False
2007,USA,Owen Lentz,Talonneur,61,False
2007,USA,Mark Aylor,DeuxiemeLigne,64,False
2007,USA,Luke Gross,DeuxiemeLigne,62,False
2007,USA,Mike Mangan,DeuxiemeLigne,65,False
2007,USA,Hayden Mexted,DeuxiemeLigne,63,False
2007,USA,Alec Parker,DeuxiemeLigne,61,False
2007,USA,Louis Stanfill,DeuxiemeLigne,64,False
2007,USA,Inaki Basauri,TroisiemeLigneAile,62,False
2007,USA,Fifita Mounga,TroisiemeLigneAile,65,False
2007,USA,Dan Payne,TroisiemeLigneAile,63,False
2007,USA,Todd Clever,TroisiemeLigneAile,75,False
2007,USA,Henry Bloomfield,TroisiemeLigneCentre,64,False
2007,USA,Chad Erskine,DemiDeMelee,62,False
2007,USA,Mike Petri,DemiDeMelee,65,False
2007,USA,Mike Hercus,DemiOuverture,63,True
2007,USA,Valenese Malifa,DemiOuverture,61,True
2007,USA,Philip Eloff,Centre,64,False
2007,USA,Vahafolau Esikia,Centre,62,False
2007,USA,Thretton Palamo,Centre,65,False
2007,USA,Albert Tuipulotu,Centre,63,False
2007,USA,Salesi Sika,Centre,61,False
2007,USA,Paul Emerick,Ailier,64,False
2007,USA,Takudzwa Ngwenya,Ailier,76,False
2007,USA,Chris Wyles,Ailier,65,True
2007,USA,Andrew Osborne,Arriere,63,False
2007,Tonga,Toma Toke,Pilier,68,False
2007,Tonga,Mosese Moala,Pilier,71,False
2007,Tonga,Taufa'ao Filise,Pilier,69,False
2007,Tonga,Soane Tonga'uiha,Pilier,72,False
2007,Tonga,Siosateki Mata'u,Pilier,70,False
2007,Tonga,Ephraim Taukafa,Talonneur,68,False
2007,Tonga,Aleki Lutui,Talonneur,71,False
2007,Tonga,Paino Kelekolio Hehea,DeuxiemeLigne,69,False
2007,Tonga,Inoke Afeaki,DeuxiemeLigne,72,False
2007,Tonga,Lisiate Fa'aoso,DeuxiemeLigne,70,False
2007,Tonga,Emosi Kauhenga,TroisiemeLigneAile,68,False
2007,Tonga,Otenili Langilangi,TroisiemeLigneAile,71,False
2007,Tonga,Hale T-Pole,TroisiemeLigneAile,69,False
2007,Tonga,Finau Maka,TroisiemeLigneAile,72,False
2007,Tonga,Viliami Vaki,TroisiemeLigneAile,70,False
2007,Tonga,Osaiasi Filipine,TroisiemeLigneCentre,68,False
2007,Tonga,Soane Havea,DemiDeMelee,71,False
2007,Tonga,Enele Taufa,DemiDeMelee,69,False
2007,Tonga,Pierre Hola,DemiOuverture,72,True
2007,Tonga,Tevita Tu'ifua,DemiOuverture,70,True
2007,Tonga,Epi Taione,Centre,68,False
2007,Tonga,Joseph Vaka,Centre,71,False
2007,Tonga,Suka Hufanga,Centre,69,False
2007,Tonga,Isileli Tupou,Centre,72,False
2007,Tonga,Ualosi Kailea,Ailier,70,False
2007,Tonga,Seti Kiole,Ailier,68,False
2007,Tonga,Aisea Havili,Ailier,71,False
2007,Tonga,Vungakoto Lilo,Arriere,69,False
2007,Tonga,Sione Tuipulotu,Arriere,72,False
2007,Tonga,Hudson Tonga'uiha,Arriere,70,False
2007,Australie,Al Baxter,Pilier,78,False
2007,Australie,Matt Dunning,Pilier,81,False
2007,Australie,Greg Holmes,Pilier,79,False
2007,Australie,Guy Shepherdson,Pilier,82,False
2007,Australie,Adam Freier,Talonneur,80,False
2007,Australie,Sean Hardman,Talonneur,78,False
2007,Australie,Stephen Moore,Talonneur,81,False
2007,Australie,Mark Chisholm,DeuxiemeLigne,79,False
2007,Australie,Hugh McMeniman,DeuxiemeLigne,82,False
2007,Australie,Nathan Sharpe,DeuxiemeLigne,80,False
2007,Australie,Daniel Vickerman,DeuxiemeLigne,78,False
2007,Australie,Rocky Elsom,TroisiemeLigneAile,81,False
2007,Australie,George Smith,TroisiemeLigneAile,87,False
2007,Australie,Phil Waugh,TroisiemeLigneAile,82,False
2007,Australie,David Lyons,TroisiemeLigneCentre,80,False
2007,Australie,Wycliff Palu,TroisiemeLigneCentre,78,False
2007,Australie,Stephen Hoiles,TroisiemeLigneCentre,81,False
2007,Australie,Morgan Turinui,TroisiemeLigneCentre,79,False
2007,Australie,Sam Cordingley,DemiDeMelee,82,False
2007,Australie,George Gregan,DemiDeMelee,89,False
2007,Australie,Berrick Barnes,DemiOuverture,78,True
2007,Australie,Stephen Larkham,DemiOuverture,89,True
2007,Australie,Adam Ashley-Cooper,Centre,79,False
2007,Australie,Matt Giteau,Centre,88,True
2007,Australie,Stirling Mortlock,Centre,88,True
2007,Australie,Scott Staniforth,Centre,78,False
2007,Australie,Mark Gerrard,Ailier,81,False
2007,Australie,Lote Tuqiri,Ailier,86,False
2007,Australie,Drew Mitchell,Ailier,82,False
2007,Australie,Julian Huxley,Arriere,80,False
2007,Australie,Chris Latham,Arriere,78,True
2007,Canada,Scott Franklin,Pilier,66,False
2007,Canada,Dan Pletch,Pilier,64,False
2007,Canada,Mike Pletch,Pilier,67,False
2007,Canada,Rod Snow,Pilier,65,False
2007,Canada,Jon Thiel,Pilier,63,False
2007,Canada,Kevin Tkachuk,Pilier,66,False
2007,Canada,Pat Riordan,Talonneur,64,False
2007,Canada,Michael Burak,DeuxiemeLigne,67,False
2007,Canada,Jamie Cudmore,DeuxiemeLigne,65,False
2007,Canada,Mike James,DeuxiemeLigne,63,False
2007,Canada,Luke Tait,DeuxiemeLigne,66,False
2007,Canada,David Biddle,TroisiemeLigneAile,64,False
2007,Canada,Adam Kleeberger,TroisiemeLigneAile,67,False
2007,Canada,Mike Webb,TroisiemeLigneAile,65,False
2007,Canada,Colin Yukes,TroisiemeLigneAile,63,False
2007,Canada,Sean-Michael Stephen,TroisiemeLigneCentre,66,False
2007,Canada,Aaron Carpenter,TroisiemeLigneCentre,64,False
2007,Canada,Ed Fairhurst,DemiDeMelee,67,False
2007,Canada,Matt Weingart,DemiDeMelee,65,False
2007,Canada,Morgan Williams,DemiDeMelee,63,False
2007,Canada,Ander Monro,DemiOuverture,66,True
2007,Canada,Ryan Smith,DemiOuverture,64,True
2007,Canada,Craig Culpan,Centre,67,False
2007,Canada,Derek Daypuck,Centre,65,False
2007,Canada,David Spicer,Centre,63,False
2007,Canada,Nick Trenkel,Centre,66,False
2007,Canada,Justin Mensah-Coker,Ailier,64,False
2007,Canada,James Pritchard,Ailier,67,True
2007,Canada,Mike Pyke,Arriere,65,False
2007,Canada,DTH van der Merwe,Arriere,72,False
2007,Fidji,Graham Dewes,Pilier,79,False
2007,Fidji,Alefoso Yalayalatabua,Pilier,77,False
2007,Fidji,Jone Railomo,Pilier,80,False
2007,Fidji,Henry Qiodravu,Pilier,78,False
2007,Fidji,Sunia Koto,Talonneur,76,False
2007,Fidji,Vereniki Sauturaga,Talonneur,79,False
2007,Fidji,Bill Gadolo,Talonneur,77,False
2007,Fidji,Ifereimi Rawaqa,DeuxiemeLigne,80,False
2007,Fidji,Kele Leawere,DeuxiemeLigne,78,False
2007,Fidji,Isoa Domolailai,DeuxiemeLigne,76,False
2007,Fidji,Wame Lewaravu,DeuxiemeLigne,79,False
2007,Fidji,Semisi Naevo,TroisiemeLigneAile,77,False
2007,Fidji,Akapusi Qera,TroisiemeLigneAile,80,False
2007,Fidji,Aca Ratuva,TroisiemeLigneAile,78,False
2007,Fidji,Netani Talei,TroisiemeLigneAile,76,False
2007,Fidji,Sisa Koyamaibole,TroisiemeLigneCentre,79,False
2007,Fidji,Jone Qovu,TroisiemeLigneCentre,77,False
2007,Fidji,Jone Daunivucu,DemiDeMelee,80,False
2007,Fidji,Mosese Rauluni,DemiDeMelee,81,False
2007,Fidji,Nicky Little,DemiOuverture,82,True
2007,Fidji,Waisea Luveniyali,DemiOuverture,79,True
2007,Fidji,Seremaia Bai,Centre,77,True
2007,Fidji,Seru Rabeni,Centre,83,False
2007,Fidji,Maleli Kunavore,Centre,78,False
2007,Fidji,Gabiriele Lovobalavu,Centre,76,False
2007,Fidji,Vilimoni Delasau,Ailier,79,False
2007,Fidji,Isoa Neivua,Ailier,77,False
2007,Fidji,Filimone Bolavucu,Ailier,80,False
2007,Fidji,Sireli Bobo,Ailier,78,False
2007,Fidji,Norman Ligairi,Arriere,76,False
2007,Fidji,Kameli Ratuvou,Arriere,79,True
2007,Japon,Ryō Yamamura,Pilier,63,False
2007,Japon,Masahito Yamamoto,Pilier,66,False
2007,Japon,Tomokazu Soma,Pilier,64,False
2007,Japon,Tatsukichi Nishiura,Pilier,62,False
2007,Japon,Yuji Matsubara,Talonneur,65,False
2007,Japon,Mitsugu Yamamoto,Talonneur,63,False
2007,Japon,Takanori Kumagae,DeuxiemeLigne,66,False
2007,Japon,Luatangi Vatuvei,DeuxiemeLigne,64,False
2007,Japon,Luke Thompson,DeuxiemeLigne,62,False
2007,Japon,Yasunori Watanabe,DeuxiemeLigne,65,False
2007,Japon,Hitoshi Ono,TroisiemeLigneAile,63,False
2007,Japon,Hajime Kiso,TroisiemeLigneAile,66,False
2007,Japon,Hare Makiri,TroisiemeLigneAile,64,False
2007,Japon,Philip O'Reilly,TroisiemeLigneAile,62,False
2007,Japon,Takuro Miuchi,TroisiemeLigneCentre,65,False
2007,Japon,Takamichi Sasaki,TroisiemeLigneCentre,63,False
2007,Japon,Yuki Yatomi,DemiDeMelee,66,False
2007,Japon,Tomoki Yoshida,DemiDeMelee,64,False
2007,Japon,Chulwon Kim,DemiDeMelee,62,False
2007,Japon,Kousei Ono,DemiOuverture,65,True
2007,Japon,Shotaro Onishi,Centre,63,True
2007,Japon,Yuta Imamura,Centre,66,False
2007,Japon,Koji Taira,Centre,64,False
2007,Japon,Bryce Robins,Centre,62,False
2007,Japon,Nataniela Oto,Ailier,65,False
2007,Japon,Hirotoki Onozawa,Ailier,63,False
2007,Japon,Christian Loamanu,Ailier,66,False
2007,Japon,Tatsuya Kusumi,Ailier,64,False
2007,Japon,Tomoki Kitagawa,Ailier,62,False
2007,Japon,Kosuke Endo,Arriere,65,False
2007,Japon,Go Aruga,Arriere,63,False
2007,Pays_de_Galles,Chris Horsman,Pilier,77,False
2007,Pays_de_Galles,Gethin Jenkins,Pilier,84,False
2007,Pays_de_Galles,Adam Jones,Pilier,73,False
2007,Pays_de_Galles,Duncan Jones,Pilier,76,False
2007,Pays_de_Galles,Thomas Rhys Thomas,Pilier,74,False
2007,Pays_de_Galles,Huw Bennett,Talonneur,77,False
2007,Pays_de_Galles,Matthew Rees,Talonneur,75,False
2007,Pays_de_Galles,Ian Evans,DeuxiemeLigne,73,False
2007,Pays_de_Galles,Ian Gough,DeuxiemeLigne,76,False
2007,Pays_de_Galles,Will James,DeuxiemeLigne,74,False
2007,Pays_de_Galles,Alun Wyn Jones,DeuxiemeLigne,83,False
2007,Pays_de_Galles,Colin Charvis,TroisiemeLigneAile,75,False
2007,Pays_de_Galles,Jonathan Thomas,TroisiemeLigneAile,73,False
2007,Pays_de_Galles,Martyn Williams,TroisiemeLigneAile,84,False
2007,Pays_de_Galles,Michael Owen,TroisiemeLigneCentre,74,False
2007,Pays_de_Galles,Alix Popham,TroisiemeLigneCentre,77,False
2007,Pays_de_Galles,Gareth Cooper,DemiDeMelee,75,False
2007,Pays_de_Galles,Dwayne Peel,DemiDeMelee,73,False
2007,Pays_de_Galles,Mike Phillips,DemiDeMelee,76,False
2007,Pays_de_Galles,James Hook,DemiOuverture,74,True
2007,Pays_de_Galles,Stephen Jones,DemiOuverture,77,True
2007,Pays_de_Galles,Ceri Sweeney,DemiOuverture,75,True
2007,Pays_de_Galles,Sonny Parker,Centre,73,False
2007,Pays_de_Galles,Jamie Robinson,Centre,76,False
2007,Pays_de_Galles,Tom Shanklin,Centre,74,False
2007,Pays_de_Galles,Mark Jones,Ailier,77,False
2007,Pays_de_Galles,Dafydd James,Ailier,75,False
2007,Pays_de_Galles,Gareth Thomas,Ailier,85,False
2007,Pays_de_Galles,Shane Williams,Ailier,86,False
2007,Pays_de_Galles,Kevin Morgan,Arriere,74,False
2007,Écosse,Gavin Kerr,Pilier,79,False
2007,Écosse,Allan Jacobsen,Pilier,77,False
2007,Écosse,Euan Murray,Pilier,75,False
2007,Écosse,Craig Smith,Pilier,78,False
2007,Écosse,Ross Ford,Talonneur,76,False
2007,Écosse,Scott Lawson,Talonneur,79,False
2007,Écosse,Fergus Thomson,Talonneur,77,False
2007,Écosse,Jason White,DeuxiemeLigne,75,False
2007,Écosse,Jim Hamilton,DeuxiemeLigne,78,False
2007,Écosse,Nathan Hines,DeuxiemeLigne,76,False
2007,Écosse,Scott Murray,DeuxiemeLigne,79,False
2007,Écosse,Scott MacLeod,DeuxiemeLigne,77,False
2007,Écosse,John Barclay,TroisiemeLigneAile,75,False
2007,Écosse,Kelly Brown,TroisiemeLigneAile,78,False
2007,Écosse,David Callam,TroisiemeLigneAile,76,False
2007,Écosse,Simon Taylor,TroisiemeLigneCentre,79,False
2007,Écosse,Allister Hogg,TroisiemeLigneCentre,77,False
2007,Écosse,Chris Cusiter,DemiDeMelee,75,False
2007,Écosse,Mike Blair,DemiDeMelee,78,False
2007,Écosse,Chris Paterson,DemiOuverture,76,True
2007,Écosse,Dan Parks,DemiOuverture,79,True
2007,Écosse,Rob Dewey,Centre,77,False
2007,Écosse,Marcus Di Rollo,Centre,75,False
2007,Écosse,Andrew Henderson,Centre,78,False
2007,Écosse,Simon Webster,Centre,76,False
2007,Écosse,Rory Lamont,Ailier,79,False
2007,Écosse,Sean Lamont,Ailier,77,False
2007,Écosse,Nikki Walker,Ailier,75,False
2007,Écosse,Hugo Southwell,Arriere,78,True
2007,Italie,Matías Agüero,Pilier,71,False
2007,Italie,Martin Castrogiovanni,Pilier,86,False
2007,Italie,Andrea Lo Cicero,Pilier,72,False
2007,Italie,Salvatore Perugini,Pilier,70,False
2007,Italie,Carlo Festuccia,Talonneur,73,False
2007,Italie,Leonardo Ghiraldini,Talonneur,71,False
2007,Italie,Fabio Ongaro,Talonneur,74,False
2007,Italie,Valerio Bernabo,DeuxiemeLigne,72,False
2007,Italie,Marco Bortolami,DeuxiemeLigne,70,False
2007,Italie,Carlo Del Fava,DeuxiemeLigne,73,False
2007,Italie,Santiago Dellapè,DeuxiemeLigne,71,False
2007,Italie,Robert Barbieri,TroisiemeLigneAile,74,False
2007,Italie,Mauro Bergamasco,TroisiemeLigneAile,83,False
2007,Italie,Alessandro Zanni,TroisiemeLigneAile,70,False
2007,Italie,Manoa Vosawai,TroisiemeLigneAile,73,False
2007,Italie,Sergio Parisse,TroisiemeLigneCentre,88,False
2007,Italie,Josh Sole,TroisiemeLigneCentre,74,False
2007,Italie,Pablo Canavosio,DemiDeMelee,72,False
2007,Italie,Paul Griffen,DemiDeMelee,70,False
2007,Italie,Alessandro Troncon,DemiDeMelee,84,False
2007,Italie,Ramiro Pez,DemiOuverture,71,True
2007,Italie,Mirco Bergamasco,Centre,74,False
2007,Italie,Gonzalo Canale,Centre,72,False
2007,Italie,Andrea Masi,Centre,70,True
2007,Italie,Ezio Galon,Ailier,73,False
2007,Italie,Matteo Pratichetti,Ailier,71,False
2007,Italie,Kaine Robertson,Ailier,74,False
2007,Italie,Marko Stanojevic,Ailier,72,False
2007,Italie,David Bortolussi,Arriere,70,True
2007,Italie,Roland de Marigny,Arriere,73,False
2007,Nouvelle_Zélande,Carl Hayman,Pilier,92,False
2007,Nouvelle_Zélande,Neemia Tialata,Pilier,86,False
2007,Nouvelle_Zélande,Tony Woodcock,Pilier,84,False
2007,Nouvelle_Zélande,Greg Somerville,Pilier,82,False
2007,Nouvelle_Zélande,Andrew Hore,Talonneur,85,False
2007,Nouvelle_Zélande,Keven Mealamu,Talonneur,83,False
2007,Nouvelle_Zélande,Anton Oliver,Talonneur,86,False
2007,Nouvelle_Zélande,Chris Jack,DeuxiemeLigne,84,False
2007,Nouvelle_Zélande,Keith Robinson,DeuxiemeLigne,82,False
2007,Nouvelle_Zélande,Ali Williams,DeuxiemeLigne,88,False
2007,Nouvelle_Zélande,Jerry Collins,TroisiemeLigneAile,91,False
2007,Nouvelle_Zélande,Richie McCaw,TroisiemeLigneAile,96,False
2007,Nouvelle_Zélande,Chris Masoe,TroisiemeLigneAile,84,False
2007,Nouvelle_Zélande,Reuben Thorne,TroisiemeLigneAile,82,False
2007,Nouvelle_Zélande,Sione Lauaki,TroisiemeLigneCentre,85,False
2007,Nouvelle_Zélande,Rodney So'oialo,TroisiemeLigneCentre,83,False
2007,Nouvelle_Zélande,Andrew Ellis,DemiDeMelee,86,False
2007,Nouvelle_Zélande,Byron Kelleher,DemiDeMelee,84,False
2007,Nouvelle_Zélande,Brendon Leonard,DemiDeMelee,82,False
2007,Nouvelle_Zélande,Daniel Carter,DemiOuverture,95,True
2007,Nouvelle_Zélande,Nick Evans,DemiOuverture,83,True
2007,Nouvelle_Zélande,Luke McAlister,Centre,86,True
2007,Nouvelle_Zélande,Aaron Mauger,Centre,84,False
2007,Nouvelle_Zélande,Conrad Smith,Centre,82,False
2007,Nouvelle_Zélande,Isaia Toeava,Centre,85,False
2007,Nouvelle_Zélande,Doug Howlett,Ailier,90,False
2007,Nouvelle_Zélande,Joe Rokocoko,Ailier,90,False
2007,Nouvelle_Zélande,Sitiveni Sivivatu,Ailier,84,False
2007,Nouvelle_Zélande,Mils Muliaina,Arriere,89,True
2007,Nouvelle_Zélande,Leon MacDonald,Arriere,85,True
2007,Portugal,Joaquim Ferreira,Pilier,59,False
2007,Portugal,Cristian Spachuk,Pilier,62,False
2007,Portugal,Rui Cordeiro,Pilier,60,False
2007,Portugal,André Da Silva,Pilier,58,False
2007,Portugal,Juan Murré,Pilier,61,False
2007,Portugal,João Correia,Talonneur,59,False
2007,Portugal,Duarte Figueiredo,Talonneur,62,False
2007,Portugal,Marcello D'Orey,DeuxiemeLigne,60,False
2007,Portugal,Gonçalo Uva,DeuxiemeLigne,58,False
2007,Portugal,David Penalva,DeuxiemeLigne,61,False
2007,Portugal,João Uva,TroisiemeLigneAile,59,False
2007,Portugal,Juan Severino,TroisiemeLigneAile,62,False
2007,Portugal,Tiago Girão,TroisiemeLigneAile,60,False
2007,Portugal,Paulo Murinello,TroisiemeLigneAile,58,False
2007,Portugal,Vasco Uva,TroisiemeLigneCentre,61,False
2007,Portugal,Diogo Coutinho,TroisiemeLigneCentre,59,False
2007,Portugal,Luís Pissarra,DemiDeMelee,62,False
2007,Portugal,José Pinto,DemiDeMelee,60,False
2007,Portugal,Duarte Cardoso Pinto,DemiOuverture,58,True
2007,Portugal,Pedro Cabral,DemiOuverture,61,True
2007,Portugal,Gonçalo Malheiro,DemiOuverture,59,True
2007,Portugal,Diogo Mateus,Centre,62,False
2007,Portugal,Miguel Portela de Morais,Centre,60,False
2007,Portugal,Frederico Sousa,Ailier,58,False
2007,Portugal,Pedro Carvalho,Ailier,61,False
2007,Portugal,Diogo Gama,Ailier,59,False
2007,Portugal,David Mateus,Ailier,62,False
2007,Portugal,Gonçalo Foro,Ailier,60,False
2007,Portugal,António Aguilar,Arriere,58,False
2007,Portugal,Pedro Leal,Arriere,61,False
2007,Roumanie,Petru Bălan,Pilier,63,False
2007,Roumanie,Bogdan Bălan,Pilier,66,False
2007,Roumanie,Cezar Popescu,Pilier,64,False
2007,Roumanie,Petrisor Toderasc,Pilier,62,False
2007,Roumanie,Silviu Florea,Pilier,65,False
2007,Roumanie,Marius Tincu,Talonneur,63,False
2007,Roumanie,Razvan Mavrodin,Talonneur,66,False
2007,Roumanie,Sorin Socol,DeuxiemeLigne,64,False
2007,Roumanie,Cristian Petre,DeuxiemeLigne,62,False
2007,Roumanie,Valentin Ursache,DeuxiemeLigne,65,False
2007,Roumanie,Augustin Petrechei,DeuxiemeLigne,63,False
2007,Roumanie,Ovidiu Tonița,TroisiemeLigneAile,66,False
2007,Roumanie,Florin Corodeanu,TroisiemeLigneAile,64,False
2007,Roumanie,Cosmin Ratiu,TroisiemeLigneAile,62,False
2007,Roumanie,Alexandru Manta,TroisiemeLigneCentre,65,False
2007,Roumanie,Alexandru Tudori,TroisiemeLigneCentre,63,False
2007,Roumanie,Valentin Calafeteanu,DemiDeMelee,66,False
2007,Roumanie,Lucian Sîrbu,DemiDeMelee,64,False
2007,Roumanie,Ionuț Dimofte,DemiOuverture,62,True
2007,Roumanie,Ionut Tofan,DemiOuverture,65,True
2007,Roumanie,Dănuț Dumbravă,DemiOuverture,63,True
2007,Roumanie,Romeo Gontineac,Centre,66,False
2007,Roumanie,Minya Csaba Gal,Centre,64,False
2007,Roumanie,Dan Vlad,Centre,62,False
2007,Roumanie,Catalin Fercu,Ailier,65,False
2007,Roumanie,Gabriel Brezoianu,Ailier,63,False
2007,Roumanie,Florin Vlaicu,Ailier,66,True
2007,Roumanie,Stefan Ciuntu,Ailier,64,False
2007,Roumanie,Iulian Dumitraș,Arriere,62,False
2007,Roumanie,Cătălin Nicolae,Arriere,65,False
2007,Argentine,Marcos Ayerza,Pilier,82,False
2007,Argentine,Santiago González Bonorino,Pilier,85,False
2007,Argentine,Omar Hasan,Pilier,83,False
2007,Argentine,Rodrigo Roncero,Pilier,81,False
2007,Argentine,Martín Scelzo,Pilier,84,False
2007,Argentine,Mario Ledesma,Talonneur,89,False
2007,Argentine,Alberto Vernet Basualdo,Talonneur,85,False
2007,Argentine,Patricio Albacete,DeuxiemeLigne,88,False
2007,Argentine,Rimas Álvarez Kairelis,DeuxiemeLigne,81,False
2007,Argentine,Ignacio Fernández Lobbe,DeuxiemeLigne,84,False
2007,Argentine,Esteban Lozada,DeuxiemeLigne,82,False
2007,Argentine,Martín Durand,TroisiemeLigneAile,85,False
2007,Argentine,Juan Manuel Leguizamón,TroisiemeLigneAile,83,False
2007,Argentine,Lucas Ostiglia,TroisiemeLigneAile,81,False
2007,Argentine,Martín Schusterman,TroisiemeLigneAile,84,False
2007,Argentine,Juan Martín Fernández Lobbe,TroisiemeLigneCentre,91,False
2007,Argentine,Gonzalo Longo,TroisiemeLigneCentre,85,False
2007,Argentine,Horacio Agulla,DemiDeMelee,83,False
2007,Argentine,Nicolás Fernández Miranda,DemiDeMelee,81,False
2007,Argentine,Agustín Pichot,DemiDeMelee,92,False
2007,Argentine,Felipe Contepomi,DemiOuverture,90,True
2007,Argentine,Federico Todeschini,DemiOuverture,85,True
2007,Argentine,Manuel Contepomi,Centre,83,False
2007,Argentine,Gonzalo Tiesi,Centre,81,False
2007,Argentine,Hernán Senillosa,Centre,84,False
2007,Argentine,Lucas Borges,Ailier,82,False
2007,Argentine,José María Núñez Piossek,Ailier,85,False
2007,Argentine,Ignacio Corleto,Arriere,87,False
2007,Argentine,Juan Martín Hernández,Arriere,90,True
2007,Argentine,Federico Serra,Arriere,84,False
2007,France,Pieter de Villiers,Pilier,81,False
2007,France,Olivier Milloud,Pilier,84,False
2007,France,Jean-Baptiste Poux,Pilier,82,False
2007,France,Nicolas Mas,Pilier,80,False
2007,France,Sébastien Bruno,Talonneur,83,False
2007,France,Raphaël Ibañez,Talonneur,89,False
2007,France,Dimitri Szarzewski,Talonneur,84,False
2007,France,Lionel Nallet,DeuxiemeLigne,82,False
2007,France,Fabien Pelous,DeuxiemeLigne,88,False
2007,France,Jérôme Thion,DeuxiemeLigne,83,False
2007,France,Sébastien Chabal,DeuxiemeLigne,87,False
2007,France,Serge Betsen,TroisiemeLigneAile,84,False
2007,France,Thierry Dusautoir,TroisiemeLigneAile,91,False
2007,France,Rémy Martin,TroisiemeLigneAile,80,False
2007,France,Yannick Nyanga,TroisiemeLigneAile,83,False
2007,France,Julien Bonnaire,TroisiemeLigneCentre,81,False
2007,France,Imanol Harinordoquy,TroisiemeLigneCentre,84,False
2007,France,Jean-Baptiste Élissalde,DemiDeMelee,82,False
2007,France,Pierre Mignoni,DemiDeMelee,80,False
2007,France,Lionel Beauxis,DemiOuverture,83,True
2007,France,Frédéric Michalak,DemiOuverture,86,True
2007,France,David Skrela,DemiOuverture,84,True
2007,France,Yannick Jauzion,Centre,87,False
2007,France,David Marty,Centre,80,False
2007,France,Damien Traille,Centre,83,True
2007,France,Vincent Clerc,Ailier,86,False
2007,France,Christophe Dominici,Ailier,84,False
2007,France,Cédric Heymans,Ailier,82,False
2007,France,Aurélien Rougerie,Ailier,80,False
2007,France,Clément Poitrenaud,Arriere,83,False
2007,Géorgie,Irakli Giorgadze,Pilier,65,False
2007,Géorgie,Goderdzi Shvelidze,Pilier,68,False
2007,Géorgie,Avto Kopaliani,Pilier,66,False
2007,Géorgie,Mamuka Magrakvelidze,Pilier,64,False
2007,Géorgie,Davit Khinchaguishvili,Pilier,67,False
2007,Géorgie,Davit Zirakashvili,Pilier,65,False
2007,Géorgie,Akvsenti Giorgadze,Talonneur,68,False
2007,Géorgie,Victor Didebulidze,DeuxiemeLigne,66,False
2007,Géorgie,Mamuka Gorgodze,DeuxiemeLigne,79,False
2007,Géorgie,Levan Datunashvili,DeuxiemeLigne,67,False
2007,Géorgie,Ilia Zedguinidze,TroisiemeLigneAile,65,False
2007,Géorgie,Gia Labadze,TroisiemeLigneAile,68,False
2007,Géorgie,Besso Udessiani,TroisiemeLigneAile,66,False
2007,Géorgie,Rati Urushadze,TroisiemeLigneAile,64,False
2007,Géorgie,Georgi Chkhaidze,TroisiemeLigneAile,67,False
2007,Géorgie,Zviad Maissuradze,TroisiemeLigneAile,65,False
2007,Géorgie,Ilia Maissuradze,TroisiemeLigneCentre,68,False
2007,Géorgie,Irakli Abuseridze,DemiDeMelee,66,False
2007,Géorgie,Bidzina Samkharadze,DemiDeMelee,64,False
2007,Géorgie,Pavie Jimsheladze,DemiOuverture,67,True
2007,Géorgie,Merab Kvirikashvili,DemiOuverture,75,True
2007,Géorgie,Otar Eloshvili,Centre,68,False
2007,Géorgie,Davit Kacharava,Centre,66,False
2007,Géorgie,Bessik Khamashuridze,Ailier,64,False
2007,Géorgie,Irakli Machkhaneli,Ailier,67,False
2007,Géorgie,Giorgi Shkinin,Ailier,65,False
2007,Géorgie,Giorgi Elizbarashvili,Ailier,68,False
2007,Géorgie,Malkhaz Urjukashvili,Ailier,66,True
2007,Géorgie,Otar Barkalaia,Arriere,64,False
2007,Géorgie,Revaz Gigauri,Arriere,67,False
2007,Irlande,Rory Best,Pilier,77,False
2007,Irlande,Simon Best,Pilier,80,False
2007,Irlande,John Hayes,Pilier,86,False
2007,Irlande,Marcus Horan,Pilier,76,False
2007,Irlande,Bryan Young,Pilier,79,False
2007,Irlande,Jerry Flannery,Talonneur,77,False
2007,Irlande,Frankie Sheahan,Talonneur,80,False
2007,Irlande,Donncha O'Callaghan,DeuxiemeLigne,78,False
2007,Irlande,Paul O'Connell,DeuxiemeLigne,89,False
2007,Irlande,Malcolm O'Kelly,DeuxiemeLigne,79,False
2007,Irlande,Neil Best,TroisiemeLigneAile,77,False
2007,Irlande,Simon Easterby,TroisiemeLigneAile,80,False
2007,Irlande,Denis Leamy,TroisiemeLigneAile,78,False
2007,Irlande,Alan Quinlan,TroisiemeLigneAile,76,False
2007,Irlande,David Wallace,TroisiemeLigneAile,79,False
2007,Irlande,Stephen Ferris,TroisiemeLigneCentre,77,False
2007,Irlande,Isaac Boss,DemiDeMelee,80,False
2007,Irlande,Eoin Reddan,DemiDeMelee,78,False
2007,Irlande,Peter Stringer,DemiDeMelee,76,False
2007,Irlande,Ronan O'Gara,DemiOuverture,88,True
2007,Irlande,Paddy Wallace,DemiOuverture,77,True
2007,Irlande,Gordon D'Arcy,Centre,80,True
2007,Irlande,Brian O'Driscoll,Centre,91,False
2007,Irlande,Andrew Trimble,Centre,76,False
2007,Irlande,Shane Horgan,Ailier,79,False
2007,Irlande,Denis Hickie,Ailier,77,False
2007,Irlande,Brian Carney,Ailier,80,False
2007,Irlande,Girvan Dempsey,Arriere,78,False
2007,Irlande,Geordan Murphy,Arriere,76,False
2007,Irlande,Gavin Duffy,Arriere,79,False
2007,Namibie,Jane du Toit,Pilier,57,False
2007,Namibie,Kees Lensing,Pilier,60,False
2007,Namibie,Johnny Redelinghuys,Pilier,58,False
2007,Namibie,Marius Visser,Pilier,56,False
2007,Namibie,Hugo Horn,Talonneur,59,False
2007,Namibie,Bratley Langenhoven,Talonneur,57,False
2007,Namibie,Johannes Meyer,Talonneur,60,False
2007,Namibie,Piet van Zyl,Talonneur,58,False
2007,Namibie,Nico Esterhuize,DeuxiemeLigne,56,False
2007,Namibie,Domingo Kamongo,DeuxiemeLigne,59,False
2007,Namibie,Wacca Kazombiaze,DeuxiemeLigne,57,False
2007,Namibie,Heino Senekal,DeuxiemeLigne,60,False
2007,Namibie,Tinus du Plessis,TroisiemeLigneAile,58,False
2007,Namibie,Herman Lintvelt,TroisiemeLigneAile,56,False
2007,Namibie,Michael MacKenzie,TroisiemeLigneAile,59,False
2007,Namibie,Jacques Burger,TroisiemeLigneCentre,74,False
2007,Namibie,Jacques Nieuwenhuis,TroisiemeLigneCentre,60,False
2007,Namibie,Eugene Jantjies,DemiDeMelee,58,False
2007,Namibie,Jurie van Tonder,DemiDeMelee,56,False
2007,Namibie,Morne Schreuder,DemiOuverture,59,True
2007,Namibie,Lu-Wayne Botes,Centre,57,False
2007,Namibie,Du Preez Grobler,Centre,60,False
2007,Namibie,Emile Wessels,Centre,58,True
2007,Namibie,Melrick Africa,Ailier,56,False
2007,Namibie,John Drotsky,Ailier,59,False
2007,Namibie,Deon Mouton,Ailier,57,False
2007,Namibie,Ryan Witbooi,Ailier,60,False
2007,Namibie,Heini Bock,Arriere,58,False
2007,Namibie,Tertius Losper,Arriere,56,False
2003,Argentine,Roberto Grau,Pilier,77,False
2003,Argentine,Omar Hasan,Pilier,75,False
2003,Argentine,Mauricio Reggiardo,Pilier,73,False
2003,Argentine,Rodrigo Roncero,Pilier,84,False
2003,Argentine,Martin Scelzo,Pilier,74,False
2003,Argentine,Mario Ledesma,Talonneur,87,False
2003,Argentine,Federico Mendez,Talonneur,78,False
2003,Argentine,Patricio Albacete,DeuxiemeLigne,86,False
2003,Argentine,Rimas Alvarez Kairelis,DeuxiemeLigne,77,False
2003,Argentine,Ignacio Fernandez Lobbe,DeuxiemeLigne,75,False
2003,Argentine,Pedro Sporleder,DeuxiemeLigne,73,False
2003,Argentine,Martin Durand,TroisiemeLigneAile,76,False
2003,Argentine,Rolando Martin,TroisiemeLigneAile,74,False
2003,Argentine,Lucas Ostiglia,TroisiemeLigneAile,72,False
2003,Argentine,Santiago Phelan,TroisiemeLigneAile,78,False
2003,Argentine,Pablo Bouza,TroisiemeLigneCentre,75,False
2003,Argentine,Gonzalo Longo,TroisiemeLigneCentre,77,False
2003,Argentine,Nicolas Fernandez Miranda,DemiDeMelee,75,False
2003,Argentine,Agustin Pichot,DemiDeMelee,90,False
2003,Argentine,Felipe Contepomi,DemiOuverture,89,True
2003,Argentine,Juan Fernandez Miranda,DemiOuverture,74,True
2003,Argentine,Gonzalo Quesada,DemiOuverture,85,True
2003,Argentine,Manuel Contepomi,Centre,78,False
2003,Argentine,Martín Gaitán,Centre,75,False
2003,Argentine,José Orengo,Centre,77,False
2003,Argentine,Diego Albanese,Ailier,75,False
2003,Argentine,José María Núñez Piossek,Ailier,73,False
2003,Argentine,Hernan Senillosa,Ailier,76,False
2003,Argentine,Ignacio Corleto,Arriere,85,False
2003,Argentine,Juan Martín Hernández,Arriere,72,True
2003,Australie,Bill Young,Pilier,87,False
2003,Australie,Al Baxter,Pilier,84,False
2003,Australie,Ben Darwin,Pilier,86,False
2003,Australie,Matt Dunning,Pilier,84,False
2003,Australie,Brendan Cannon,Talonneur,82,False
2003,Australie,Jeremy Paul,Talonneur,86,False
2003,Australie,Justin Harrison,DeuxiemeLigne,83,False
2003,Australie,Nathan Sharpe,DeuxiemeLigne,87,False
2003,Australie,David Giffin,DeuxiemeLigne,87,False
2003,Australie,Dan Vickerman,DeuxiemeLigne,84,False
2003,Australie,George Smith,TroisiemeLigneAile,88,False
2003,Australie,Phil Waugh,TroisiemeLigneAile,84,False
2003,Australie,Matthew Cockbain,TroisiemeLigneAile,82,False
2003,Australie,David Croft,TroisiemeLigneAile,85,False
2003,Australie,David Lyons,TroisiemeLigneCentre,83,False
2003,Australie,John Roe,TroisiemeLigneCentre,81,False
2003,Australie,George Gregan,DemiDeMelee,95,False
2003,Australie,Chris Whitaker,DemiDeMelee,84,False
2003,Australie,Stephen Larkham,DemiOuverture,94,True
2003,Australie,Matt Giteau,DemiOuverture,88,True
2003,Australie,Elton Flatley,Centre,91,True
2003,Australie,Stirling Mortlock,Centre,92,True
2003,Australie,Matt Burke,Centre,83,False
2003,Australie,Nathan Grey,Centre,81,False
2003,Australie,Morgan Turinui,Centre,87,False
2003,Australie,Lote Tuqiri,Ailier,91,False
2003,Australie,Wendell Sailor,Ailier,86,False
2003,Australie,Joe Roff,Ailier,86,True
2003,Australie,Mat Rogers,Arriere,89,True
2003,Australie,Chris Latham,Arriere,90,False
2003,Irlande,Simon Best,Pilier,78,False
2003,Irlande,Reggie Corrigan,Pilier,76,False
2003,Irlande,John Hayes,Pilier,85,False
2003,Irlande,Marcus Horan,Pilier,79,False
2003,Irlande,Shane Byrne,Talonneur,81,False
2003,Irlande,Frankie Sheahan,Talonneur,79,False
2003,Irlande,Keith Wood,Talonneur,91,False
2003,Irlande,Gary Longwell,DeuxiemeLigne,80,False
2003,Irlande,Donncha O'Callaghan,DeuxiemeLigne,78,False
2003,Irlande,Paul O'Connell,DeuxiemeLigne,88,False
2003,Irlande,Malcolm O'Kelly,DeuxiemeLigne,82,False
2003,Irlande,Simon Easterby,TroisiemeLigneAile,79,False
2003,Irlande,Keith Gleeson,TroisiemeLigneAile,81,False
2003,Irlande,Alan Quinlan,TroisiemeLigneAile,79,False
2003,Irlande,Victor Costello,TroisiemeLigneCentre,77,False
2003,Irlande,Anthony Foley,TroisiemeLigneCentre,80,False
2003,Irlande,Eric Miller,TroisiemeLigneCentre,78,False
2003,Irlande,Neil Doak,DemiDeMelee,76,False
2003,Irlande,Guy Easterby,DemiDeMelee,82,False
2003,Irlande,Peter Stringer,DemiDeMelee,87,False
2003,Irlande,David Humphreys,DemiOuverture,81,True
2003,Irlande,Ronan O'Gara,DemiOuverture,89,True
2003,Irlande,Jonathan Bell,Centre,77,False
2003,Irlande,Kevin Maggs,Centre,80,False
2003,Irlande,Brian O'Driscoll,Centre,95,True
2003,Irlande,Paddy Wallace,Centre,76,False
2003,Irlande,Denis Hickie,Ailier,86,False
2003,Irlande,Anthony Horgan,Ailier,79,False
2003,Irlande,Shane Horgan,Ailier,86,False
2003,Irlande,Tyrone Howe,Ailier,79,False
2003,Irlande,John Kelly,Ailier,77,False
2003,Irlande,Girvan Dempsey,Arriere,80,False
2003,Namibie,Andries Blaauw,Pilier,56,False
2003,Namibie,Niel du Toit,Pilier,54,False
2003,Namibie,Johan Jenkins,Pilier,60,False
2003,Namibie,Kees Lensing,Pilier,57,False
2003,Namibie,Phillipus Isaacs,Talonneur,59,False
2003,Namibie,Johannes Meyer,Talonneur,57,False
2003,Namibie,Cor Van Tonder,Talonneur,55,False
2003,Namibie,Archie Graham,DeuxiemeLigne,58,False
2003,Namibie,Eben Isaacs,DeuxiemeLigne,56,False
2003,Namibie,Heino Senekal,DeuxiemeLigne,54,False
2003,Namibie,Shaun van Rooi,TroisiemeLigneAile,60,False
2003,Namibie,Wolfie Duvenhage,TroisiemeLigneAile,57,False
2003,Namibie,Herman Lintvelt,TroisiemeLigneAile,59,False
2003,Namibie,Schalk van der Merwe,TroisiemeLigneAile,57,False
2003,Namibie,Sean Furter,TroisiemeLigneCentre,55,False
2003,Namibie,Jurgens van Lill,TroisiemeLigneCentre,58,False
2003,Namibie,Hakkies Husselman,DemiDeMelee,56,False
2003,Namibie,Regardt Kruger,DemiDeMelee,54,False
2003,Namibie,Niel Swanepoel,DemiDeMelee,60,False
2003,Namibie,Morne Schreuder,DemiOuverture,57,True
2003,Namibie,Emile Wessels,DemiOuverture,59,True
2003,Namibie,Du Preez Grobler,Centre,57,False
2003,Namibie,Corne Powell,Centre,55,False
2003,Namibie,Rudi van Vuuren,Centre,58,False
2003,Namibie,Vincent Dreyer,Ailier,56,False
2003,Namibie,Deon Mouton,Ailier,54,False
2003,Namibie,Melrick Africa,Ailier,60,False
2003,Namibie,Deon Grunschloss,Arriere,57,False
2003,Namibie,Jurie Booysen,Arriere,59,False
2003,Namibie,Ronaldo Pedro,Arriere,57,False
2003,Roumanie,Petru Bălan,Pilier,72,False
2003,Roumanie,Silviu Florea,Pilier,64,False
2003,Roumanie,Paulică Ion,Pilier,62,False
2003,Roumanie,Cezar Popescu,Pilier,60,False
2003,Roumanie,Marcel Socaciu,Pilier,66,False
2003,Roumanie,Petrișor Toderașc,Pilier,63,False
2003,Roumanie,Dan Tudosa,Pilier,65,False
2003,Roumanie,Marius Tincu,Talonneur,72,False
2003,Roumanie,Razvan Mavrodin,Talonneur,61,False
2003,Roumanie,Marius Pantelimon,DeuxiemeLigne,64,False
2003,Roumanie,Cristian Petre,DeuxiemeLigne,62,False
2003,Roumanie,Augustin Petrechei,DeuxiemeLigne,60,False
2003,Roumanie,Sorin Socol,DeuxiemeLigne,66,False
2003,Roumanie,Bogdan Tudor,DeuxiemeLigne,63,False
2003,Roumanie,Costica Mersoiu,TroisiemeLigneAile,65,False
2003,Roumanie,Marius Niculai,TroisiemeLigneAile,63,False
2003,Roumanie,Cornel Tatu,TroisiemeLigneAile,61,False
2003,Roumanie,Ovidiu Tonița,TroisiemeLigneAile,64,False
2003,Roumanie,Marian Tudori,TroisiemeLigneAile,62,False
2003,Roumanie,George Chiriac,TroisiemeLigneCentre,60,False
2003,Roumanie,Iulian Andrei,DemiDeMelee,66,False
2003,Roumanie,Cristian Podea,DemiDeMelee,63,False
2003,Roumanie,Lucian Sîrbu,DemiDeMelee,65,False
2003,Roumanie,Ionuț Tofan,DemiOuverture,63,True
2003,Roumanie,Romeo Gontineac,Centre,61,False
2003,Roumanie,Valentin Maftei,Centre,64,False
2003,Roumanie,Bogdan Voicu,Centre,62,False
2003,Roumanie,Gabriel Brezoianu,Ailier,60,False
2003,Roumanie,Mihai Vioreanu,Ailier,66,False
2003,Roumanie,Ion Teodorescu,Ailier,63,False
2003,Roumanie,Vasile Ghioc,Ailier,65,False
2003,Roumanie,Cristian Săuan,Ailier,63,False
2003,Roumanie,Dănuț Dumbravă,Arriere,61,False
2003,Écosse,Bruce Douglas,Pilier,76,False
2003,Écosse,Allan Jacobsen,Pilier,74,False
2003,Écosse,Gavin Kerr,Pilier,72,False
2003,Écosse,Gordon McIlwham,Pilier,78,False
2003,Écosse,Tom Smith,Pilier,83,False
2003,Écosse,Gordon Bulloch,Talonneur,77,False
2003,Écosse,Dougie Hall,Talonneur,75,False
2003,Écosse,Robbie Russell,Talonneur,73,False
2003,Écosse,Stuart Grimes,DeuxiemeLigne,76,False
2003,Écosse,Nathan Hines,DeuxiemeLigne,74,False
2003,Écosse,Scott Murray,DeuxiemeLigne,82,False
2003,Écosse,Martin Leslie,TroisiemeLigneAile,78,False
2003,Écosse,Cameron Mather,TroisiemeLigneAile,75,False
2003,Écosse,Andrew Mower,TroisiemeLigneAile,77,False
2003,Écosse,Jason White,TroisiemeLigneAile,75,False
2003,Écosse,Ross Beattie,TroisiemeLigneAile,73,False
2003,Écosse,Jon Petrie,TroisiemeLigneCentre,76,False
2003,Écosse,Simon Taylor,TroisiemeLigneCentre,82,False
2003,Écosse,Graeme Beveridge,DemiDeMelee,72,False
2003,Écosse,Mike Blair,DemiDeMelee,78,False
2003,Écosse,Bryan Redpath,DemiDeMelee,83,False
2003,Écosse,Gordon Ross,DemiOuverture,77,True
2003,Écosse,Gregor Townsend,DemiOuverture,84,True
2003,Écosse,Andy Craig,Centre,73,False
2003,Écosse,Andrew Henderson,Centre,76,False
2003,Écosse,James McLaren,Centre,74,False
2003,Écosse,Simon Danielli,Ailier,72,False
2003,Écosse,Kenny Logan,Ailier,78,False
2003,Écosse,Chris Paterson,Ailier,84,True
2003,Écosse,Nikki Walker,Ailier,77,False
2003,Écosse,Glenn Metcalfe,Arriere,75,False
2003,Écosse,Ben Hinshelwood,Arriere,73,False
2003,USA,Daniel Dorsey,Pilier,63,False
2003,USA,Richard Liddington,Pilier,61,False
2003,USA,Mike MacDonald,Pilier,59,False
2003,USA,John Tarpoff,Pilier,65,False
2003,USA,Jacob Waasdorp,Pilier,62,False
2003,USA,Kirk Khasigian,Talonneur,64,False
2003,USA,Matthew Wyatt,Talonneur,62,False
2003,USA,Luke Gross,DeuxiemeLigne,60,False
2003,USA,Gerhard Klerck,DeuxiemeLigne,63,False
2003,USA,Alec Parker,DeuxiemeLigne,61,False
2003,USA,Todd Clever,TroisiemeLigneAile,72,False
2003,USA,Oloseti Fifita,TroisiemeLigneAile,65,False
2003,USA,Jurie Gouws,TroisiemeLigneAile,62,False
2003,USA,Dave Hodges,TroisiemeLigneAile,64,False
2003,USA,Kort Schubert,TroisiemeLigneAile,62,False
2003,USA,Dan Lyle,TroisiemeLigneCentre,60,False
2003,USA,Mose Timoteo,DemiDeMelee,63,False
2003,USA,Kevin Dalzell,DemiDeMelee,61,False
2003,USA,Kimball Kjar,DemiDeMelee,59,False
2003,USA,Mike Hercus,DemiOuverture,73,True
2003,USA,Matt Sherman,DemiOuverture,62,True
2003,USA,Link Wilfley,DemiOuverture,64,True
2003,USA,Kain Cross,Centre,62,False
2003,USA,Philip Eloff,Centre,60,False
2003,USA,Salesi Sika,Centre,63,False
2003,USA,David Fee,Ailier,61,False
2003,USA,Jason Keyter,Ailier,59,False
2003,USA,Riaan van Zyl,Ailier,65,False
2003,USA,John Buchholz,Arriere,62,False
2003,USA,Paul Emerick,Arriere,64,False
2003,Fidji,Richard Nyholt,Pilier,73,False
2003,Fidji,Isaia Rasila,Pilier,71,False
2003,Fidji,Nacanieli Seru,Pilier,74,False
2003,Fidji,Joeli Veitayaki,Pilier,72,False
2003,Fidji,Bill Gadolo,Talonneur,70,False
2003,Fidji,Greg Smith,Talonneur,76,False
2003,Fidji,Kele Leawere,DeuxiemeLigne,73,False
2003,Fidji,Emori Katalau,DeuxiemeLigne,75,False
2003,Fidji,Vula Maimuri,DeuxiemeLigne,73,False
2003,Fidji,Apenisa Naevo,DeuxiemeLigne,71,False
2003,Fidji,Ifereimi Rawaqa,DeuxiemeLigne,74,False
2003,Fidji,Mesake Davu,TroisiemeLigneAile,72,False
2003,Fidji,Alifereti Mocelutu,TroisiemeLigneAile,70,False
2003,Fidji,Kitione Salawa,TroisiemeLigneAile,76,False
2003,Fidji,Koli Sewabu,TroisiemeLigneAile,73,False
2003,Fidji,Setareki Tawake,TroisiemeLigneAile,75,False
2003,Fidji,Alifereti Doviverata,TroisiemeLigneCentre,73,False
2003,Fidji,Sisa Koyamaibole,TroisiemeLigneCentre,71,False
2003,Fidji,Sami Rabaka,DemiDeMelee,74,False
2003,Fidji,Jacob Rauluni,DemiDeMelee,72,False
2003,Fidji,Mosese Rauluni,DemiDeMelee,82,False
2003,Fidji,Nicky Little,DemiOuverture,84,True
2003,Fidji,Isa Nacewa,DemiOuverture,73,True
2003,Fidji,Waisale Serevi,DemiOuverture,88,True
2003,Fidji,Seru Rabeni,Centre,84,False
2003,Fidji,Saimoni Rokini,Centre,71,False
2003,Fidji,Epeli Ruivadra,Centre,74,False
2003,Fidji,Rupeni Caucaunibuca,Ailier,88,False
2003,Fidji,Vilimoni Delasau,Ailier,70,False
2003,Fidji,Aisea Tuilevu,Ailier,76,False
2003,Fidji,Marika Vunibaka,Ailier,83,False
2003,Fidji,Norman Ligairi,Arriere,75,False
2003,Fidji,Alfred Uluinayau,Arriere,73,False
2003,France,Jean-Jacques Crenca,Pilier,80,False
2003,France,Sylvain Marconnet,Pilier,87,False
2003,France,Olivier Milloud,Pilier,81,False
2003,France,Jean-Baptiste Poux,Pilier,79,False
2003,France,Yannick Bru,Talonneur,85,False
2003,France,Raphaël Ibañez,Talonneur,89,False
2003,France,David Auradou,DeuxiemeLigne,84,False
2003,France,Olivier Brouzet,DeuxiemeLigne,82,False
2003,France,Fabien Pelous,DeuxiemeLigne,89,False
2003,France,Thibaut Privat,DeuxiemeLigne,83,False
2003,France,Jérôme Thion,DeuxiemeLigne,81,False
2003,France,Serge Betsen,TroisiemeLigneAile,91,False
2003,France,Sébastien Chabal,TroisiemeLigneAile,85,False
2003,France,Olivier Magne,TroisiemeLigneAile,90,False
2003,France,Patrick Tabacco,TroisiemeLigneAile,84,False
2003,France,Imanol Harinordoquy,TroisiemeLigneCentre,90,False
2003,France,Christian Labit,TroisiemeLigneCentre,80,False
2003,France,Fabien Galthié,DemiDeMelee,92,False
2003,France,Dimitri Yachvili,DemiDeMelee,81,True
2003,France,Gérald Merceron,DemiOuverture,79,True
2003,France,Frédéric Michalak,DemiOuverture,91,True
2003,France,Yannick Jauzion,Centre,88,False
2003,France,Brian Liebenberg,Centre,84,False
2003,France,Tony Marsh,Centre,82,False
2003,France,Damien Traille,Centre,80,True
2003,France,David Bory,Ailier,83,False
2003,France,Christophe Dominici,Ailier,88,False
2003,France,Pépito Elhorga,Ailier,79,False
2003,France,Xavier Garbajosa,Ailier,85,False
2003,France,Aurélien Rougerie,Ailier,87,False
2003,France,Nicolas Brusque,Arriere,86,False
2003,France,Clément Poitrenaud,Arriere,82,False
2003,Japon,Shin Hasegawa,Pilier,59,False
2003,Japon,Masahiko Toyoyama,Pilier,62,False
2003,Japon,Masahito Yamamoto,Pilier,60,False
2003,Japon,Ryō Yamamura,Pilier,58,False
2003,Japon,Masao Amino,Talonneur,64,False
2003,Japon,Masaaki Sakata,Talonneur,61,False
2003,Japon,Hajime Kiso,DeuxiemeLigne,63,False
2003,Japon,Koichi Kubo,DeuxiemeLigne,61,False
2003,Japon,Adam Parker,DeuxiemeLigne,59,False
2003,Japon,Hiroyuki Tanuma,DeuxiemeLigne,62,False
2003,Japon,Ryota Asano,TroisiemeLigneAile,60,False
2003,Japon,Takahiro Hayano,TroisiemeLigneAile,58,False
2003,Japon,Naoya Okubo,TroisiemeLigneAile,64,False
2003,Japon,Yasunori Watanabe,TroisiemeLigneAile,61,False
2003,Japon,Takuro Miuchi,TroisiemeLigneAile,72,False
2003,Japon,Takeomi Ito,TroisiemeLigneCentre,61,False
2003,Japon,Yuya Saito,TroisiemeLigneCentre,59,False
2003,Japon,Yuji Sonoda,DemiDeMelee,62,False
2003,Japon,Takashi Tsuji,DemiDeMelee,60,False
2003,Japon,Keiji Hirose,DemiOuverture,58,True
2003,Japon,Andrew Miller,DemiOuverture,64,True
2003,Japon,George Konia,Centre,61,False
2003,Japon,Yukio Motoki,Centre,63,False
2003,Japon,Hideki Nanba,Centre,61,False
2003,Japon,Reuben Parkinson,Centre,59,False
2003,Japon,Junichi Hojo,Ailier,62,False
2003,Japon,Tōru Kurihara,Ailier,60,False
2003,Japon,Daisuke Ohata,Ailier,73,True
2003,Japon,Hirotoki Onozawa,Ailier,64,False
2003,Japon,Tsutomu Matsuda,Arriere,61,False
2003,Japon,Takashi Yoshida,Arriere,63,False
2003,Afrique_du_Sud,Lawrence Sephaka,Pilier,80,False
2003,Afrique_du_Sud,Faan Rautenbach,Pilier,78,False
2003,Afrique_du_Sud,Richard Bands,Pilier,81,False
2003,Afrique_du_Sud,Christo Bezuidenhout,Pilier,79,False
2003,Afrique_du_Sud,John Smit,Talonneur,90,False
2003,Afrique_du_Sud,Danie Coetzee,Talonneur,83,False
2003,Afrique_du_Sud,Dale Santon,Talonneur,80,False
2003,Afrique_du_Sud,Bakkies Botha,DeuxiemeLigne,89,False
2003,Afrique_du_Sud,Victor Matfield,DeuxiemeLigne,90,False
2003,Afrique_du_Sud,Selborne Boome,DeuxiemeLigne,78,False
2003,Afrique_du_Sud,Corne Krige,TroisiemeLigneAile,81,False
2003,Afrique_du_Sud,Schalk Burger,TroisiemeLigneAile,88,False
2003,Afrique_du_Sud,Danie Rossouw,TroisiemeLigneAile,77,False
2003,Afrique_du_Sud,Hendro Scholtz,TroisiemeLigneAile,83,False
2003,Afrique_du_Sud,Joe van Niekerk,TroisiemeLigneCentre,80,False
2003,Afrique_du_Sud,Juan Smith,TroisiemeLigneCentre,82,False
2003,Afrique_du_Sud,Joost van der Westhuizen,DemiDeMelee,91,False
2003,Afrique_du_Sud,Neil De Kock,DemiDeMelee,78,False
2003,Afrique_du_Sud,Louis Koen,DemiOuverture,81,True
2003,Afrique_du_Sud,Derick Hougaard,DemiOuverture,79,True
2003,Afrique_du_Sud,Jean de Villiers,Centre,77,False
2003,Afrique_du_Sud,Jaque Fourie,Centre,87,False
2003,Afrique_du_Sud,De Wet Barry,Centre,80,False
2003,Afrique_du_Sud,Gcobani Bobo,Centre,82,False
2003,Afrique_du_Sud,Jorrie Muller,Centre,80,False
2003,Afrique_du_Sud,Thinus Delport,Ailier,78,False
2003,Afrique_du_Sud,Breyton Paulse,Ailier,86,False
2003,Afrique_du_Sud,Stefan Terblanche,Ailier,79,False
2003,Afrique_du_Sud,Ashwin Willemse,Ailier,85,False
2003,Afrique_du_Sud,Werner Greeff,Arriere,83,False
2003,Afrique_du_Sud,Ricardo Loubscher,Arriere,80,False
2003,Afrique_du_Sud,Jaco van der Westhuizen,Arriere,82,False
2003,Angleterre,Trevor Woodman,Pilier,86,False
2003,Angleterre,Phil Vickery,Pilier,88,False
2003,Angleterre,Jason Leonard,Pilier,88,False
2003,Angleterre,Julian White,Pilier,85,False
2003,Angleterre,Steve Thompson,Talonneur,87,False
2003,Angleterre,Dorian West,Talonneur,89,False
2003,Angleterre,Mark Regan,Talonneur,86,False
2003,Angleterre,Martin Johnson,DeuxiemeLigne,94,False
2003,Angleterre,Ben Kay,DeuxiemeLigne,87,False
2003,Angleterre,Danny Grewcock,DeuxiemeLigne,84,False
2003,Angleterre,Simon Shaw,DeuxiemeLigne,87,False
2003,Angleterre,Richard Hill,TroisiemeLigneAile,93,False
2003,Angleterre,Neil Back,TroisiemeLigneAile,92,False
2003,Angleterre,Lewis Moody,TroisiemeLigneAile,89,False
2003,Angleterre,Lawrence Dallaglio,TroisiemeLigneCentre,93,False
2003,Angleterre,Martin Corry,TroisiemeLigneCentre,88,False
2003,Angleterre,Joe Worsley,TroisiemeLigneCentre,86,False
2003,Angleterre,Matt Dawson,DemiDeMelee,89,False
2003,Angleterre,Kyran Bracken,DemiDeMelee,87,False
2003,Angleterre,Andy Gomarsall,DemiDeMelee,85,False
2003,Angleterre,Jonny Wilkinson,DemiOuverture,98,True
2003,Angleterre,Mike Catt,DemiOuverture,90,True
2003,Angleterre,Paul Grayson,DemiOuverture,86,True
2003,Angleterre,Mike Tindall,Centre,88,False
2003,Angleterre,Will Greenwood,Centre,90,False
2003,Angleterre,Stuart Abbott,Centre,84,False
2003,Angleterre,Ben Cohen,Ailier,89,False
2003,Angleterre,Jason Robinson,Ailier,92,False
2003,Angleterre,Dan Luger,Ailier,83,False
2003,Angleterre,Josh Lewsey,Arriere,89,False
2003,Angleterre,Iain Balshaw,Arriere,86,False
2003,Géorgie,Goderdzi Shvelidze,Pilier,67,False
2003,Géorgie,Avto Kopaliani,Pilier,65,False
2003,Géorgie,Alexander Margvelashvili,Pilier,63,False
2003,Géorgie,Ploseb Nikolaenko,Pilier,66,False
2003,Géorgie,Akvsenti Giorgadze,Talonneur,64,False
2003,Géorgie,David Dadunashvili,Talonneur,62,False
2003,Géorgie,Zurab Mtchedlishvili,DeuxiemeLigne,68,False
2003,Géorgie,Vano Nadiradze,DeuxiemeLigne,65,False
2003,Géorgie,Victor Didebulidze,DeuxiemeLigne,67,False
2003,Géorgie,Sergo Gujaraidze,DeuxiemeLigne,65,False
2003,Géorgie,Gregori Labadze,TroisiemeLigneAile,63,False
2003,Géorgie,Gregoire Yachvili,TroisiemeLigneAile,66,False
2003,Géorgie,Georgi Chkhaidze,TroisiemeLigneAile,64,False
2003,Géorgie,George Tsiklauri,TroisiemeLigneAile,62,False
2003,Géorgie,Ilia Zedguinidze,TroisiemeLigneCentre,68,False
2003,Géorgie,David Bolgashvili,TroisiemeLigneCentre,65,False
2003,Géorgie,Irakli Abuseridze,DemiDeMelee,67,False
2003,Géorgie,Irakli Modebadze,DemiDeMelee,65,False
2003,Géorgie,Merab Kvirikashvili,DemiOuverture,73,True
2003,Géorgie,Pavie Jimsheladze,DemiOuverture,66,True
2003,Géorgie,Irakli Giorgadze,Centre,64,False
2003,Géorgie,Tedo Zibzibadze,Centre,62,False
2003,Géorgie,Otar Eloshvili,Centre,68,False
2003,Géorgie,Malkhaz Urjukashvili,Ailier,65,True
2003,Géorgie,Vasil Katsadze,Ailier,67,False
2003,Géorgie,Gocha Khonelidze,Ailier,65,False
2003,Géorgie,Archil Kavtarashvili,Ailier,63,False
2003,Géorgie,Irakli Machkhaneli,Arriere,66,False
2003,Géorgie,Bessik Khamashuridze,Arriere,64,False
2003,Géorgie,Badri Khekhelashvili,Arriere,62,False
2003,Samoa,Kas Lealamanua,Pilier,78,False
2003,Samoa,Jeremy Tomuli,Pilier,71,False
2003,Samoa,Simon Lemalu,Pilier,73,False
2003,Samoa,Tamato Leupolu,Pilier,71,False
2003,Samoa,Jonathan Meredith,Talonneur,69,False
2003,Samoa,Mahonri Schwalger,Talonneur,72,False
2003,Samoa,Opeta Palepoi,DeuxiemeLigne,70,False
2003,Samoa,Leo Lafaiali'i,DeuxiemeLigne,68,False
2003,Samoa,Michael von Dincklage,DeuxiemeLigne,74,False
2003,Samoa,Kitiona Viliamu,DeuxiemeLigne,71,False
2003,Samoa,Maurie Fa'asavalu,TroisiemeLigneAile,73,False
2003,Samoa,Peter Poulos,TroisiemeLigneAile,71,False
2003,Samoa,Des Tuiavi'i,TroisiemeLigneAile,69,False
2003,Samoa,Siaosi Vaili,TroisiemeLigneAile,72,False
2003,Samoa,Patrick Segi,TroisiemeLigneAile,70,False
2003,Samoa,Semo Sititi,TroisiemeLigneCentre,82,False
2003,Samoa,Steven So'oialo,DemiDeMelee,74,False
2003,Samoa,Denning Tyrell,DemiDeMelee,71,False
2003,Samoa,John Senio,DemiDeMelee,73,False
2003,Samoa,Fa'atonu Fili,DemiOuverture,71,True
2003,Samoa,Earl Va'a,DemiOuverture,80,True
2003,Samoa,Brian Lima,Centre,84,True
2003,Samoa,Romi Ropati,Centre,70,False
2003,Samoa,Dale Rasmussen,Centre,68,False
2003,Samoa,Terry Fanolua,Centre,74,False
2003,Samoa,Lome Fa'atau,Ailier,80,False
2003,Samoa,Dominic Feau'nati,Ailier,73,False
2003,Samoa,Ron Fanuatanu,Ailier,71,False
2003,Samoa,Sailosi Tagicakibau,Ailier,79,False
2003,Samoa,Tanner Vili,Arriere,81,False
2003,Uruguay,Pablo Lemoine,Pilier,75,True
2003,Uruguay,Rodrigo Sanchez,Pilier,60,False
2003,Uruguay,Eduardo Berruti,Pilier,66,False
2003,Uruguay,Guillermo Storace,Pilier,63,False
2003,Uruguay,Juan Machado,Pilier,65,False
2003,Uruguay,Diego Lamelas,Talonneur,63,False
2003,Uruguay,Juan Andres Perez,Talonneur,61,False
2003,Uruguay,Juan Carlos Bado,DeuxiemeLigne,64,False
2003,Uruguay,Juan Alzueta,DeuxiemeLigne,62,False
2003,Uruguay,Juan Álvarez,DeuxiemeLigne,60,False
2003,Uruguay,Leonardo De Olivera,DeuxiemeLigne,66,False
2003,Uruguay,Nicolas Brignoni,TroisiemeLigneAile,63,False
2003,Uruguay,Nicolas Grille,TroisiemeLigneAile,65,False
2003,Uruguay,Marcelo Guitierrez,TroisiemeLigneAile,63,False
2003,Uruguay,Ignacio Conti,TroisiemeLigneAile,61,False
2003,Uruguay,Rodrigo Capo Ortega,TroisiemeLigneCentre,74,False
2003,Uruguay,Hernan Ponte,TroisiemeLigneCentre,62,False
2003,Uruguay,Bernardo Amarillo,DemiDeMelee,60,False
2003,Uruguay,Emiliano Caffera,DemiDeMelee,66,False
2003,Uruguay,Juan Campomar,DemiDeMelee,63,False
2003,Uruguay,Sebastian Aguirre,DemiOuverture,65,True
2003,Uruguay,Diego Aguirre,Centre,73,False
2003,Uruguay,Martin Mendaro,Centre,61,False
2003,Uruguay,Joaquin De Freitas,Centre,64,False
2003,Uruguay,Emiliano Ibarra,Ailier,62,False
2003,Uruguay,Joaquin Pastore,Ailier,60,False
2003,Uruguay,Carlos Baldassari,Ailier,66,False
2003,Uruguay,Alfonso Cardoso,Arriere,63,False
2003,Uruguay,Juan Menchaca,Arriere,65,True
2003,Uruguay,Diego Reyes,Arriere,63,False
2003,Canada,Jon Thiel,Pilier,62,False
2003,Canada,Rod Snow,Pilier,74,False
2003,Canada,Garth Cooke,Pilier,63,False
2003,Canada,Kevin Tkachuk,Pilier,61,False
2003,Canada,Pat Dunkley,Talonneur,67,False
2003,Canada,Aaron Abrams,Talonneur,64,False
2003,Canada,Mark Lawson,Talonneur,66,False
2003,Canada,Mike James,DeuxiemeLigne,64,False
2003,Canada,Jamie Cudmore,DeuxiemeLigne,75,False
2003,Canada,Colin Yukes,DeuxiemeLigne,65,False
2003,Canada,Ed Knaggs,DeuxiemeLigne,63,False
2003,Canada,Adam Van Staveren,TroisiemeLigneAile,61,False
2003,Canada,Ryan Banks,TroisiemeLigneAile,67,False
2003,Canada,Jim Douglas,TroisiemeLigneAile,64,False
2003,Canada,Jeff Reid,TroisiemeLigneAile,66,False
2003,Canada,Al Charron,TroisiemeLigneCentre,75,False
2003,Canada,Josh Jackson,TroisiemeLigneCentre,62,False
2003,Canada,Morgan Williams,DemiDeMelee,65,False
2003,Canada,Ed Fairhurst,DemiDeMelee,63,False
2003,Canada,Bobby Ross,DemiOuverture,61,True
2003,Canada,Jared Barker,DemiOuverture,67,True
2003,Canada,John Cannon,Centre,64,False
2003,Canada,Marco Di Girolamo,Centre,66,False
2003,Canada,Ryan Smith,Centre,64,False
2003,Canada,Nik Witkowski,Centre,62,False
2003,Canada,Winston Stanley,Ailier,65,False
2003,Canada,Dave Lougheed,Ailier,63,False
2003,Canada,Sean Fauth,Ailier,61,False
2003,Canada,Matt King,Ailier,67,False
2003,Canada,James Pritchard,Arriere,73,True
2003,Canada,Quentin Fyffe,Arriere,66,False
2003,Pays_de_Galles,Adam Jones,Pilier,83,False
2003,Pays_de_Galles,Duncan Jones,Pilier,74,False
2003,Pays_de_Galles,Paul James,Pilier,77,False
2003,Pays_de_Galles,Gethin Jenkins,Pilier,83,False
2003,Pays_de_Galles,Iestyn Thomas,Pilier,73,False
2003,Pays_de_Galles,Robin McBryde,Talonneur,79,False
2003,Pays_de_Galles,Huw Bennett,Talonneur,76,False
2003,Pays_de_Galles,Mefin Davies,Talonneur,78,False
2003,Pays_de_Galles,Gareth Llewellyn,DeuxiemeLigne,76,False
2003,Pays_de_Galles,Mickael Owen,DeuxiemeLigne,74,False
2003,Pays_de_Galles,Robert Sidoli,DeuxiemeLigne,77,False
2003,Pays_de_Galles,Brent Cockbain,DeuxiemeLigne,75,False
2003,Pays_de_Galles,Chris Wyatt,DeuxiemeLigne,73,False
2003,Pays_de_Galles,Martyn Williams,TroisiemeLigneAile,84,False
2003,Pays_de_Galles,Alix Popham,TroisiemeLigneAile,76,False
2003,Pays_de_Galles,Dafydd Jones,TroisiemeLigneAile,78,False
2003,Pays_de_Galles,Colin Charvis,TroisiemeLigneCentre,76,False
2003,Pays_de_Galles,Jonathan Thomas,TroisiemeLigneCentre,74,False
2003,Pays_de_Galles,Dwayne Peel,DemiDeMelee,84,False
2003,Pays_de_Galles,Gareth Cooper,DemiDeMelee,75,False
2003,Pays_de_Galles,Stephen Jones,DemiOuverture,86,True
2003,Pays_de_Galles,Ceri Sweeney,DemiOuverture,79,True
2003,Pays_de_Galles,Iestyn Harris,Centre,76,True
2003,Pays_de_Galles,Sonny Parker,Centre,78,False
2003,Pays_de_Galles,Tom Shanklin,Centre,76,False
2003,Pays_de_Galles,Mark Taylor,Centre,74,False
2003,Pays_de_Galles,Kevin Morgan,Ailier,77,False
2003,Pays_de_Galles,Shane Williams,Ailier,86,False
2003,Pays_de_Galles,Gareth Thomas,Ailier,85,True
2003,Pays_de_Galles,Mark Jones,Ailier,79,False
2003,Pays_de_Galles,Rhys Williams,Arriere,76,False
2003,Pays_de_Galles,Garan Evans,Arriere,78,False
2003,Italie,Salvatore Perugini,Pilier,71,False
2003,Italie,Andrea Lo Cicero,Pilier,69,False
2003,Italie,Martin Castrogiovanni,Pilier,83,False
2003,Italie,Ramiro Martinez,Pilier,70,False
2003,Italie,Carlo Festuccia,Talonneur,68,False
2003,Italie,Fabio Ongaro,Talonneur,74,False
2003,Italie,Marco Bortolami,DeuxiemeLigne,71,False
2003,Italie,Santiago Dellape,DeuxiemeLigne,73,False
2003,Italie,Carlo Checchinato,DeuxiemeLigne,71,False
2003,Italie,Cristian Bezzi,DeuxiemeLigne,69,False
2003,Italie,Mauro Bergamasco,TroisiemeLigneAile,83,False
2003,Italie,Aaron Persico,TroisiemeLigneAile,70,False
2003,Italie,Andrea De Rossi,TroisiemeLigneAile,68,False
2003,Italie,Scott Palmer,TroisiemeLigneAile,74,False
2003,Italie,Sergio Parisse,TroisiemeLigneCentre,84,False
2003,Italie,Matthew Phillips,TroisiemeLigneCentre,73,False
2003,Italie,Alessandro Troncon,DemiDeMelee,85,False
2003,Italie,Matteo Mazzantini,DemiDeMelee,69,False
2003,Italie,Rima Wakarua,DemiOuverture,72,True
2003,Italie,Francesco Mazzariol,DemiOuverture,70,True
2003,Italie,Vincenzo Zullo,DemiOuverture,68,True
2003,Italie,Alessandro Stoica,Centre,74,False
2003,Italie,Manuel Dallan,Centre,71,False
2003,Italie,Andrea Masi,Centre,82,False
2003,Italie,Matteo Barbini,Centre,71,False
2003,Italie,Mirco Bergamasco,Ailier,82,False
2003,Italie,Denis Dallan,Ailier,72,False
2003,Italie,Nicola Mazzucato,Ailier,70,False
2003,Italie,Gonzalo Canale,Arriere,68,False
2003,Italie,Gert Peens,Arriere,74,False
2003,Nouvelle_Zélande,Greg Somerville,Pilier,83,False
2003,Nouvelle_Zélande,Kees Meeuws,Pilier,85,False
2003,Nouvelle_Zélande,Carl Hoeft,Pilier,83,False
2003,Nouvelle_Zélande,David Hewett,Pilier,81,False
2003,Nouvelle_Zélande,Keven Mealamu,Talonneur,88,False
2003,Nouvelle_Zélande,Mark Hammett,Talonneur,82,False
2003,Nouvelle_Zélande,Corey Flynn,Talonneur,80,False
2003,Nouvelle_Zélande,Ali Williams,DeuxiemeLigne,88,False
2003,Nouvelle_Zélande,Brad Thorn,DeuxiemeLigne,83,False
2003,Nouvelle_Zélande,Chris Jack,DeuxiemeLigne,87,False
2003,Nouvelle_Zélande,Richard McCaw,TroisiemeLigneAile,93,False
2003,Nouvelle_Zélande,Reuben Thorne,TroisiemeLigneAile,81,False
2003,Nouvelle_Zélande,Marty Holah,TroisiemeLigneAile,84,False
2003,Nouvelle_Zélande,Daniel Braid,TroisiemeLigneAile,82,False
2003,Nouvelle_Zélande,Jerry Collins,TroisiemeLigneCentre,87,False
2003,Nouvelle_Zélande,Rodney So'oialo,TroisiemeLigneCentre,86,False
2003,Nouvelle_Zélande,Byron Kelleher,DemiDeMelee,83,False
2003,Nouvelle_Zélande,Justin Marshall,DemiDeMelee,89,False
2003,Nouvelle_Zélande,Steve Devine,DemiDeMelee,83,False
2003,Nouvelle_Zélande,Carlos Spencer,DemiOuverture,94,True
2003,Nouvelle_Zélande,Daniel Carter,DemiOuverture,87,True
2003,Nouvelle_Zélande,Ben Atiga,Centre,82,False
2003,Nouvelle_Zélande,Leon MacDonald,Centre,80,True
2003,Nouvelle_Zélande,Tana Umaga,Centre,93,False
2003,Nouvelle_Zélande,Aaron Mauger,Centre,83,False
2003,Nouvelle_Zélande,Ma'a Nonu,Centre,85,False
2003,Nouvelle_Zélande,Doug Howlett,Ailier,91,False
2003,Nouvelle_Zélande,Caleb Ralph,Ailier,81,False
2003,Nouvelle_Zélande,Joe Rokocoko,Ailier,92,False
2003,Nouvelle_Zélande,Ben Blair,Arriere,82,False
2003,Nouvelle_Zélande,Mils Muliaina,Arriere,90,False
2003,Tonga,Kisi Pulu,Pilier,76,False
2003,Tonga,Tonga Lea'aetoa,Pilier,68,False
2003,Tonga,Kafalosi Tonga,Pilier,70,False
2003,Tonga,Heamani Lavaka,Pilier,68,False
2003,Tonga,Viliami Ma'asi,Talonneur,66,False
2003,Tonga,Ephraim Taukafa,Talonneur,69,False
2003,Tonga,Viliami Vaki,DeuxiemeLigne,67,False
2003,Tonga,Milton Ngauamo,DeuxiemeLigne,65,False
2003,Tonga,Saia Latu,DeuxiemeLigne,71,False
2003,Tonga,Edward Langi,DeuxiemeLigne,68,False
2003,Tonga,Inoke Afeaki,TroisiemeLigneAile,76,False
2003,Tonga,Stanley Afeaki,TroisiemeLigneAile,68,False
2003,Tonga,Ipolito Fenukitau,TroisiemeLigneAile,66,False
2003,Tonga,Sione Tu'amoheloa,TroisiemeLigneAile,69,False
2003,Tonga,Benhur Kivalu,TroisiemeLigneCentre,67,False
2003,Tonga,Nisifolo Naufahu,TroisiemeLigneCentre,65,False
2003,Tonga,Sililo Martens,DemiDeMelee,71,False
2003,Tonga,Tony Alatini,DemiDeMelee,68,False
2003,Tonga,David Palu,DemiDeMelee,70,False
2003,Tonga,Pierre Hola,DemiOuverture,75,True
2003,Tonga,Lisiate Ulufonua,DemiOuverture,66,True
2003,Tonga,Johnny Ngauamo,Centre,69,False
2003,Tonga,John Payne,Centre,67,False
2003,Tonga,Gus Leger,Centre,65,False
2003,Tonga,Sukanaivalu Hufanga,Centre,71,False
2003,Tonga,Pila Fifita,Ailier,68,False
2003,Tonga,Sione Fonua,Ailier,70,False
2003,Tonga,Sila Va'enuku,Ailier,68,False
2003,Tonga,Tevita Tu'ifua,Ailier,66,False
2003,Tonga,Sateki Tuipulotu,Arriere,74,False
1999,Afrique_du_Sud,Os du Randt,Pilier,88,false
1999,Afrique_du_Sud,Adrian Garvey,Pilier,82,false
1999,Afrique_du_Sud,Ollie Le Roux,Pilier,80,false
1999,Afrique_du_Sud,Cobus Visagie,Pilier,83,false
1999,Afrique_du_Sud,Naka Drotske,Talonneur,84,false
1999,Afrique_du_Sud,Chris Rossouw,Talonneur,82,false
1999,Afrique_du_Sud,Mark Andrews,DeuxiemeLigne,88,false
1999,Afrique_du_Sud,Krynauw Otto,DeuxiemeLigne,82,false
1999,Afrique_du_Sud,Albert van den Berg,DeuxiemeLigne,80,false
1999,Afrique_du_Sud,Johan Erasmus,TroisiemeLigneAile,84,false
1999,Afrique_du_Sud,André Venter,TroisiemeLigneAile,89,false
1999,Afrique_du_Sud,Ruben Kruger,TroisiemeLigneAile,80,false
1999,Afrique_du_Sud,André Vos,TroisiemeLigneAile,83,false
1999,Afrique_du_Sud,Bobby Skinstad,TroisiemeLigneCentre,90,false
1999,Afrique_du_Sud,Anton Leonard,TroisiemeLigneCentre,82,false
1999,Afrique_du_Sud,Werner Swanepoel,DemiDeMelee,84,false
1999,Afrique_du_Sud,Joost van der Westhuizen,DemiDeMelee,93,false
1999,Afrique_du_Sud,Jannie de Beer,DemiOuverture,90,true
1999,Afrique_du_Sud,Henry Honiball,DemiOuverture,87,true
1999,Afrique_du_Sud,Robbie Fleck,Centre,84,false
1999,Afrique_du_Sud,Wayne Julies,Centre,82,false
1999,Afrique_du_Sud,Pieter Muller,Centre,80,false
1999,Afrique_du_Sud,Deon Kayser,Ailier,84,false
1999,Afrique_du_Sud,Kaya Malotana,Ailier,82,false
1999,Afrique_du_Sud,Breyton Paulse,Ailier,80,false
1999,Afrique_du_Sud,Pieter Rossouw,Ailier,83,false
1999,Afrique_du_Sud,Stefan Terblanche,Ailier,86,false
1999,Afrique_du_Sud,Percy Montgomery,Arriere,91,true
1999,Écosse,Tom Smith,Pilier,84,false
1999,Écosse,Dave Hilton,Pilier,77,false
1999,Écosse,Paul Burnell,Pilier,75,false
1999,Écosse,George Graham,Pilier,78,false
1999,Écosse,Gordon Bulloch,Talonneur,79,false
1999,Écosse,Robbie Russell,Talonneur,77,false
1999,Écosse,Scott Murray,DeuxiemeLigne,79,false
1999,Écosse,Stuart Grimes,DeuxiemeLigne,77,false
1999,Écosse,Doddie Weir,DeuxiemeLigne,84,false
1999,Écosse,Martin Leslie,TroisiemeLigneAile,79,false
1999,Écosse,Budge Pountney,TroisiemeLigneAile,77,false
1999,Écosse,Peter Walton,TroisiemeLigneAile,75,false
1999,Écosse,Cameron Mather,TroisiemeLigneAile,78,false
1999,Écosse,Gordon Simpson,TroisiemeLigneCentre,79,false
1999,Écosse,Gary Armstrong,DemiDeMelee,84,false
1999,Écosse,Bryan Redpath,DemiDeMelee,77,false
1999,Écosse,Gregor Townsend,DemiOuverture,87,true
1999,Écosse,Duncan Hodge,DemiOuverture,77,true
1999,Écosse,John Leslie,Centre,79,false
1999,Écosse,Alan Tait,Centre,77,false
1999,Écosse,James McLaren,Centre,75,false
1999,Écosse,Jamie Mayer,Centre,78,false
1999,Écosse,Kenny Logan,Ailier,85,true
1999,Écosse,Cameron Murray,Ailier,77,false
1999,Écosse,Shaun Longstaff,Ailier,75,false
1999,Écosse,Glenn Metcalfe,Arriere,79,false
1999,Espagne,Jordi Camps,Pilier,60,false
1999,Espagne,José Ignacio Zapatero,Pilier,58,false
1999,Espagne,Víctor Torres,Pilier,56,false
1999,Espagne,Luis Javier Martínez,Pilier,59,false
1999,Espagne,Fernando de la Calle,Talonneur,60,false
1999,Espagne,Diego Zarzosa,Talonneur,58,false
1999,Espagne,José Miguel Villaú,DeuxiemeLigne,60,false
1999,Espagne,Steve Tuineau Iloa,DeuxiemeLigne,58,false
1999,Espagne,Sergio Souto Vidal,DeuxiemeLigne,56,false
1999,Espagne,Alberto Malo,TroisiemeLigneAile,60,false
1999,Espagne,Carlos Souto Vidal,TroisiemeLigneAile,58,false
1999,Espagne,Oscar Astarloa,TroisiemeLigneAile,56,false
1999,Espagne,José Díaz,TroisiemeLigneCentre,60,false
1999,Espagne,Agustín Malet,TroisiemeLigneCentre,58,false
1999,Espagne,Alfonso Mata,TroisiemeLigneCentre,56,false
1999,Espagne,Aratz Gallastegui,DemiDeMelee,60,false
1999,Espagne,Jaime Alonso,DemiDeMelee,58,false
1999,Espagne,Andrei Kovalenco,DemiOuverture,60,true
1999,Espagne,Aitor Etxeberría,DemiOuverture,58,true
1999,Espagne,Álvar Enciso,Centre,60,false
1999,Espagne,Fernando Díez,Centre,58,false
1999,Espagne,Raphaël Bastide,Centre,56,false
1999,Espagne,Alberto Socías,Centre,59,false
1999,Espagne,Sébastien Loubsens,Centre,57,false
1999,Espagne,Oriol Ripol,Ailier,60,false
1999,Espagne,Antonio Socías,Ailier,58,false
1999,Espagne,José Ignacio Inchausti,Ailier,56,false
1999,Espagne,Miguel Ángel Frechilla,Ailier,59,false
1999,Espagne,Ferran Velazco Querol,Arriere,60,false
1999,Espagne,Francisco Puertas Soto,Arriere,58,false
1999,Uruguay,Eduardo Berruti,Pilier,60,false
1999,Uruguay,Pablo Lemoine,Pilier,72,false
1999,Uruguay,Rodrigo Sánchez,Pilier,61,false
1999,Uruguay,Francisco de los Santos,Talonneur,62,false
1999,Uruguay,Diego Lamelas,Talonneur,60,false
1999,Uruguay,Juan Alzueta,DeuxiemeLigne,62,false
1999,Uruguay,Agustín Ponce de León,DeuxiemeLigne,60,false
1999,Uruguay,Juan Carlos Bado,DeuxiemeLigne,58,false
1999,Uruguay,Leonardo de Oliveira,DeuxiemeLigne,61,false
1999,Uruguay,Mario Lamé,DeuxiemeLigne,59,false
1999,Uruguay,Nicolás Grillé,TroisiemeLigneAile,62,false
1999,Uruguay,Nicolas Brignoni,TroisiemeLigneAile,60,false
1999,Uruguay,Martín Panizza,TroisiemeLigneAile,58,false
1999,Uruguay,Diego Ormaechea,TroisiemeLigneCentre,75,false
1999,Uruguay,Guillermo Laffitte,TroisiemeLigneCentre,60,false
1999,Uruguay,Fernando Sosa Díaz,DemiDeMelee,62,false
1999,Uruguay,Federico Sciarra,DemiDeMelee,60,false
1999,Uruguay,Diego Aguirre,DemiOuverture,62,true
1999,Uruguay,Sebastián Aguirre,DemiOuverture,60,true
1999,Uruguay,Martín Mendaro,Centre,62,false
1999,Uruguay,Pedro Vecino,Centre,60,false
1999,Uruguay,Juan Martín Marqués,Centre,58,false
1999,Uruguay,Fernando Paullier,Centre,61,false
1999,Uruguay,Pablo Costábile,Ailier,62,false
1999,Uruguay,Juan Menchaca,Ailier,60,false
1999,Uruguay,Martín Ferrés,Ailier,58,false
1999,Uruguay,José Viana,Ailier,61,false
1999,Uruguay,Martín Cerviño,Arriere,62,false
1999,Uruguay,Alfonso Cardoso,Arriere,60,false
1999,Angleterre,Darren Garforth,Pilier,81,false
1999,Angleterre,Jason Leonard,Pilier,88,false
1999,Angleterre,Phil Vickery,Pilier,77,false
1999,Angleterre,Richard Cockerill,Talonneur,81,false
1999,Angleterre,Phil Greening,Talonneur,79,false
1999,Angleterre,Garath Archer,DeuxiemeLigne,81,false
1999,Angleterre,Danny Grewcock,DeuxiemeLigne,79,false
1999,Angleterre,Martin Johnson,DeuxiemeLigne,91,false
1999,Angleterre,Neil Back,TroisiemeLigneAile,87,false
1999,Angleterre,Richard Hill,TroisiemeLigneAile,87,false
1999,Angleterre,Tim Rodber,TroisiemeLigneAile,77,false
1999,Angleterre,Joe Worsley,TroisiemeLigneAile,80,false
1999,Angleterre,Lawrence Dallaglio,TroisiemeLigneCentre,90,false
1999,Angleterre,Matt Dawson,DemiDeMelee,81,false
1999,Angleterre,Paul Grayson,DemiOuverture,81,true
1999,Angleterre,Jonny Wilkinson,DemiOuverture,89,true
1999,Angleterre,Mike Catt,Centre,86,true
1999,Angleterre,Phil de Glanville,Centre,79,false
1999,Angleterre,Will Greenwood,Centre,86,false
1999,Angleterre,Jeremy Guscott,Centre,80,false
1999,Angleterre,Nick Beal,Ailier,81,false
1999,Angleterre,Austin Healey,Ailier,79,false
1999,Angleterre,Dan Luger,Ailier,77,false
1999,Angleterre,Matt Perry,Arriere,81,false
1999,Italie,Andrea Castellani,Pilier,72,false
1999,Italie,Alessandro Moreno,Pilier,70,false
1999,Italie,Franco Properzi-Curti,Pilier,68,false
1999,Italie,Federico Pucciariello,Pilier,71,false
1999,Italie,Andrea Moretti,Talonneur,72,false
1999,Italie,Alessandro Moscardi,Talonneur,70,false
1999,Italie,Carlo Checchinato,DeuxiemeLigne,72,false
1999,Italie,Walter Cristofoletto,DeuxiemeLigne,70,false
1999,Italie,Mark Giacheri,DeuxiemeLigne,68,false
1999,Italie,Orazio Arancio,TroisiemeLigneAile,72,false
1999,Italie,Mauro Bergamasco,TroisiemeLigneAile,82,false
1999,Italie,Carlo Caione,TroisiemeLigneAile,68,false
1999,Italie,Massimo Giovanelli,TroisiemeLigneAile,82,false
1999,Italie,Stefano Saviozzi,TroisiemeLigneAile,69,false
1999,Italie,Andrea De Rossi,TroisiemeLigneCentre,72,false
1999,Italie,Alessandro Troncon,DemiDeMelee,84,false
1999,Italie,Diego Domínguez,DemiOuverture,86,true
1999,Italie,Francesco Mazzariol,DemiOuverture,70,true
1999,Italie,Alessandro Ceppolino,Centre,72,false
1999,Italie,Luca Martin,Centre,70,false
1999,Italie,Alessandro Stoica,Centre,68,false
1999,Italie,Nicola Mazzucato,Ailier,72,false
1999,Italie,Paolo Vaccari,Ailier,70,false
1999,Italie,Fabio Roselli,Ailier,68,false
1999,Italie,Nicholas Zisti,Ailier,71,false
1999,Italie,Matt Pini,Arriere,72,false
1999,Nouvelle_Zélande,Craig Dowd,Pilier,84,false
1999,Nouvelle_Zélande,Kees Meeuws,Pilier,82,false
1999,Nouvelle_Zélande,Carl Hoeft,Pilier,80,false
1999,Nouvelle_Zélande,Greg Feek,Pilier,83,false
1999,Nouvelle_Zélande,Anton Oliver,Talonneur,86,false
1999,Nouvelle_Zélande,Mark Hammett,Talonneur,82,false
1999,Nouvelle_Zélande,Norm Maxwell,DeuxiemeLigne,84,false
1999,Nouvelle_Zélande,Robin Brooke,DeuxiemeLigne,82,false
1999,Nouvelle_Zélande,Royce Willis,DeuxiemeLigne,80,false
1999,Nouvelle_Zélande,Ian Jones,DeuxiemeLigne,87,false
1999,Nouvelle_Zélande,Taine Randell,TroisiemeLigneAile,84,false
1999,Nouvelle_Zélande,Reuben Thorne,TroisiemeLigneAile,82,false
1999,Nouvelle_Zélande,Josh Kronfeld,TroisiemeLigneAile,88,false
1999,Nouvelle_Zélande,Dylan Mika,TroisiemeLigneAile,83,false
1999,Nouvelle_Zélande,Andrew Blowers,TroisiemeLigneAile,81,false
1999,Nouvelle_Zélande,Scott Robertson,TroisiemeLigneCentre,84,false
1999,Nouvelle_Zélande,Justin Marshall,DemiDeMelee,89,false
1999,Nouvelle_Zélande,Byron Kelleher,DemiDeMelee,82,false
1999,Nouvelle_Zélande,Rhys Duggan,DemiDeMelee,80,false
1999,Nouvelle_Zélande,Andrew Mehrtens,DemiOuverture,92,true
1999,Nouvelle_Zélande,Tony Brown,DemiOuverture,82,true
1999,Nouvelle_Zélande,Alama Ieremia,Centre,84,false
1999,Nouvelle_Zélande,Christian Cullen,Centre,94,false
1999,Nouvelle_Zélande,Daryl Gibson,Centre,80,false
1999,Nouvelle_Zélande,Pita Alatini,Centre,83,false
1999,Nouvelle_Zélande,Jonah Lomu,Ailier,97,false
1999,Nouvelle_Zélande,Tana Umaga,Ailier,91,false
1999,Nouvelle_Zélande,Glen Osborne,Ailier,80,false
1999,Nouvelle_Zélande,Jeff Wilson,Arriere,90,false
1999,Tonga,Ta'u Fainga'anuku,Pilier,68,false
1999,Tonga,Puke Faletau,Pilier,66,false
1999,Tonga,Tamieni Penesini,Pilier,64,false
1999,Tonga,Ngalu Taufo'ou,Pilier,67,false
1999,Tonga,Tevita Taumoepeau,Pilier,65,false
1999,Tonga,Latiume Maka,Talonneur,68,false
1999,Tonga,Fe'ao Vunipola,Talonneur,66,false
1999,Tonga,Kuli Faletau,DeuxiemeLigne,68,false
1999,Tonga,Isi Fatani,DeuxiemeLigne,66,false
1999,Tonga,Benhur Kivalu,DeuxiemeLigne,64,false
1999,Tonga,Falamani Mafi,DeuxiemeLigne,67,false
1999,Tonga,David Edwards,TroisiemeLigneAile,68,false
1999,Tonga,Sonatane Koloi,TroisiemeLigneAile,66,false
1999,Tonga,Mat Te Pou,TroisiemeLigneAile,64,false
1999,Tonga,Va'a Toloke,TroisiemeLigneCentre,68,false
1999,Tonga,Kati Tu'ipulotu,TroisiemeLigneCentre,66,false
1999,Tonga,Sililo Martens,DemiDeMelee,68,false
1999,Tonga,Elisi Vunipola,DemiOuverture,68,true
1999,Tonga,Brian Wooley,DemiOuverture,66,true
1999,Tonga,Salesi Finau,Centre,68,false
1999,Tonga,Epeli Taione,Centre,66,false
1999,Tonga,Semi Taupeaafe,Centre,64,false
1999,Tonga,Sione Tuipulotu,Centre,67,false
1999,Tonga,Semisi Faka'osi'folau,Ailier,68,false
1999,Tonga,Fepikou Tatafu,Ailier,66,false
1999,Tonga,Taunaholo Taufahema,Ailier,64,false
1999,Tonga,Dave Tiueti,Ailier,67,false
1999,Tonga,Josh Taumalolo,Arriere,68,false
1999,Tonga,Sateki Tuipulotu,Arriere,66,true
1999,Tonga,Isi Tapueluelu,Arriere,64,false
1999,Canada,Richard Bice,Pilier,70,false
1999,Canada,Duane Major,Pilier,68,false
1999,Canada,David Penney,Pilier,66,false
1999,Canada,Rod Snow,Pilier,79,false
1999,Canada,Jon Thiel,Pilier,67,false
1999,Canada,Mark Cardinal,Talonneur,70,false
1999,Canada,Pat Dunkley,Talonneur,68,false
1999,Canada,Mike James,DeuxiemeLigne,70,false
1999,Canada,Brian McCarthy,DeuxiemeLigne,68,false
1999,Canada,John Tait,DeuxiemeLigne,66,false
1999,Canada,Chris Whitaker,DeuxiemeLigne,69,false
1999,Canada,Ryan Banks,TroisiemeLigneAile,70,false
1999,Canada,Dan Baugh,TroisiemeLigneAile,68,false
1999,Canada,John Hutchinson,TroisiemeLigneAile,66,false
1999,Canada,Rob Robson,TroisiemeLigneAile,69,false
1999,Canada,Al Charron,TroisiemeLigneCentre,81,false
1999,Canada,Mike Schmid,TroisiemeLigneCentre,68,false
1999,Canada,John Graf,DemiDeMelee,70,false
1999,Canada,Morgan Williams,DemiDeMelee,68,false
1999,Canada,Gareth Rees,DemiOuverture,82,true
1999,Canada,Bobby Ross,DemiOuverture,68,true
1999,Canada,Scott Bryan,Centre,70,false
1999,Canada,Dave Lougheed,Centre,68,false
1999,Canada,Kyle Nichols,Centre,66,false
1999,Canada,Jeremy Cordle,Ailier,70,false
1999,Canada,Julian Loveday,Ailier,68,false
1999,Canada,Joe Pagano,Ailier,66,false
1999,Canada,Courtney Smith,Ailier,69,false
1999,Canada,Winston Stanley,Ailier,67,false
1999,Canada,Scott Stewart,Arriere,70,true
1999,Fidji,Daniel Rouse,Pilier,75,false
1999,Fidji,Joeli Veitayaki,Pilier,73,false
1999,Fidji,Epeli Naituivau,Pilier,71,false
1999,Fidji,Niko Qoro,Pilier,74,false
1999,Fidji,Greg Smith,Talonneur,75,false
1999,Fidji,Isaia Rasila,Talonneur,73,false
1999,Fidji,Emori Katalau,DeuxiemeLigne,75,false
1999,Fidji,Apenisa Naevo,DeuxiemeLigne,73,false
1999,Fidji,Simon Raiwalui,DeuxiemeLigne,71,false
1999,Fidji,Ifereimi Tawake,TroisiemeLigneAile,75,false
1999,Fidji,Setareki Tawake,TroisiemeLigneAile,73,false
1999,Fidji,Ilivasi Tabua,TroisiemeLigneAile,71,false
1999,Fidji,Koli Sewabu,TroisiemeLigneAile,74,false
1999,Fidji,Alifereti Doviverata,TroisiemeLigneAile,72,false
1999,Fidji,Alifereti Mocelutu,TroisiemeLigneCentre,75,false
1999,Fidji,Inoke Male,TroisiemeLigneCentre,73,false
1999,Fidji,Jacob Rauluni,DemiDeMelee,80,false
1999,Fidji,Mosese Rauluni,DemiDeMelee,73,false
1999,Fidji,Nicky Little,DemiOuverture,80,true
1999,Fidji,Waisale Serevi,DemiOuverture,88,true
1999,Fidji,Waisake Sotutu,Centre,75,false
1999,Fidji,Viliame Satala,Centre,73,false
1999,Fidji,Meli Nakauta,Centre,71,false
1999,Fidji,Tabai Matson,Centre,74,false
1999,Fidji,Lawrence Little,Centre,72,false
1999,Fidji,Fero Lasagavibau,Ailier,75,false
1999,Fidji,Marika Vunibaka,Ailier,82,false
1999,Fidji,Manasa Bari,Ailier,71,false
1999,Fidji,Manu Tiko,Ailier,74,false
1999,Fidji,Alfred Uluinayau,Arriere,75,false
1999,France,Cédric Soulette,Pilier,86,false
1999,France,Franck Tournaire,Pilier,84,false
1999,France,Pieter de Villiers,Pilier,82,false
1999,France,Christian Califano,Pilier,87,false
1999,France,Raphaël Ibañez,Talonneur,90,false
1999,France,Marc Dal Maso,Talonneur,84,false
1999,France,Abdelatif Benazzi,DeuxiemeLigne,91,false
1999,France,Fabien Pelous,DeuxiemeLigne,90,false
1999,France,Olivier Brouzet,DeuxiemeLigne,82,false
1999,France,David Auradou,DeuxiemeLigne,85,false
1999,France,Marc Lièvremont,TroisiemeLigneAile,86,false
1999,France,Olivier Magne,TroisiemeLigneAile,91,false
1999,France,Arnaud Costes,TroisiemeLigneAile,82,false
1999,France,Lionel Mallier,TroisiemeLigneAile,85,false
1999,France,Christophe Juillet,TroisiemeLigneCentre,86,false
1999,France,Thomas Lièvremont,TroisiemeLigneCentre,84,false
1999,France,Fabien Galthié,DemiDeMelee,93,false
1999,France,Stéphane Castaignède,DemiDeMelee,84,false
1999,France,Pierre Mignoni,DemiDeMelee,82,true
1999,France,Christophe Lamaison,DemiOuverture,92,true
1999,France,Philippe Carbonneau,DemiOuverture,84,true
1999,France,Émile Ntamack,Centre,88,false
1999,France,Richard Dourthe,Centre,84,false
1999,France,Stéphane Glas,Centre,82,false
1999,France,Olivier Sarraméa,Centre,85,false
1999,France,Cédric Desbrosse,Centre,83,false
1999,France,Christophe Dominici,Ailier,89,false
1999,France,Philippe Bernat-Salles,Ailier,88,false
1999,France,Ugo Mola,Ailier,82,false
1999,France,Jimmy Marlu,Ailier,85,false
1999,France,Xavier Garbajosa,Arriere,87,true
1999,Namibie,Gerhard Opperman,Pilier,59,false
1999,Namibie,Mario Jacobs,Pilier,57,false
1999,Namibie,Eben Smith,Pilier,55,false
1999,Namibie,Andries Blaauw,Pilier,58,false
1999,Namibie,Frans Fisch,Pilier,56,false
1999,Namibie,Hugo Horn,Talonneur,59,false
1999,Namibie,Heino Senekal,DeuxiemeLigne,59,false
1999,Namibie,Eben Isaacs,DeuxiemeLigne,57,false
1999,Namibie,Pieter Steyn,DeuxiemeLigne,55,false
1999,Namibie,Johannes Theron,DeuxiemeLigne,58,false
1999,Namibie,Sybrand de Beer,TroisiemeLigneAile,59,false
1999,Namibie,Mathys van Rooyen,TroisiemeLigneAile,57,false
1999,Namibie,Quinn Hough,TroisiemeLigneAile,55,false
1999,Namibie,Herman Lintvelt,TroisiemeLigneAile,58,false
1999,Namibie,Jaco Olivier,TroisiemeLigneCentre,59,false
1999,Namibie,Sean Furter,TroisiemeLigneCentre,57,false
1999,Namibie,Ronaldo Pedro,DemiDeMelee,59,false
1999,Namibie,Riaan Jantjies,DemiDeMelee,57,true
1999,Namibie,Sarel Janse van Rensburg,DemiDeMelee,55,false
1999,Namibie,Rudie Janse van Vuuren,DemiOuverture,59,true
1999,Namibie,Johan Zaayman,DemiOuverture,57,true
1999,Namibie,Schalk van der Merwe,Centre,59,false
1999,Namibie,Lukas Holtzhausen,Centre,57,false
1999,Namibie,Cliff Loubser,Centre,55,false
1999,Namibie,Francois van Rensburg,Centre,58,false
1999,Namibie,Deon Mouton,Ailier,59,false
1999,Namibie,Derek Farmer,Ailier,57,false
1999,Namibie,Arthur Samuelson,Ailier,55,false
1999,Namibie,Lean van Dyk,Arriere,59,false
1999,Namibie,Glovin van Wyk,Arriere,57,false
1999,Argentine,Roberto Grau,Pilier,78,false
1999,Argentine,Omar Hasan,Pilier,76,false
1999,Argentine,Mauricio Reggiardo,Pilier,74,false
1999,Argentine,Martín Scelzo,Pilier,77,false
1999,Argentine,Agustín Canalda,Talonneur,78,false
1999,Argentine,Mario Ledesma,Talonneur,84,false
1999,Argentine,Alejandro Allub,DeuxiemeLigne,78,false
1999,Argentine,Ignacio Fernández Lobbe,DeuxiemeLigne,76,false
1999,Argentine,Miguel Angel Ruiz,DeuxiemeLigne,74,false
1999,Argentine,Pedro Sporleder,DeuxiemeLigne,83,false
1999,Argentine,Rolando Martín,TroisiemeLigneAile,78,false
1999,Argentine,Lucas Ostiglia,TroisiemeLigneAile,76,false
1999,Argentine,Santiago Phelan,TroisiemeLigneAile,74,false
1999,Argentine,Gonzalo Longo,TroisiemeLigneCentre,78,false
1999,Argentine,Nicolás Fernández Miranda,DemiDeMelee,78,false
1999,Argentine,Agustín Pichot,DemiDeMelee,88,false
1999,Argentine,Gonzalo Quesada,DemiOuverture,89,true
1999,Argentine,Felipe Contepomi,DemiOuverture,85,true
1999,Argentine,Lisandro Arbizu,Centre,85,true
1999,Argentine,Eduardo Simone,Centre,76,false
1999,Argentine,Diego Albanese,Ailier,78,false
1999,Argentine,Octavio Bartolucci,Ailier,76,false
1999,Argentine,Gonzalo Camardón,Ailier,74,false
1999,Argentine,Manuel Contepomi,Arriere,78,true
1999,Argentine,Ignacio Corleto,Arriere,76,false
1999,Pays_de_Galles,Peter Rogers,Pilier,80,false
1999,Pays_de_Galles,David Young,Pilier,78,false
1999,Pays_de_Galles,Andrew Lewis,Pilier,76,false
1999,Pays_de_Galles,Ben Evans,Pilier,79,false
1999,Pays_de_Galles,Garin Jenkins,Talonneur,80,false
1999,Pays_de_Galles,Jonathan Humphreys,Talonneur,78,false
1999,Pays_de_Galles,Craig Quinnell,DeuxiemeLigne,80,false
1999,Pays_de_Galles,Gareth Llewellyn,DeuxiemeLigne,78,false
1999,Pays_de_Galles,Chris Wyatt,DeuxiemeLigne,76,false
1999,Pays_de_Galles,Mike Voyle,DeuxiemeLigne,79,false
1999,Pays_de_Galles,Colin Charvis,TroisiemeLigneAile,80,false
1999,Pays_de_Galles,Brett Sinkinson,TroisiemeLigneAile,78,false
1999,Pays_de_Galles,Martyn Williams,TroisiemeLigneAile,76,false
1999,Pays_de_Galles,Scott Quinnell,TroisiemeLigneCentre,86,false
1999,Pays_de_Galles,Geraint Lewis,TroisiemeLigneCentre,78,false
1999,Pays_de_Galles,Rob Howley,DemiDeMelee,88,false
1999,Pays_de_Galles,David Llewellyn,DemiDeMelee,78,false
1999,Pays_de_Galles,Neil Jenkins,DemiOuverture,90,true
1999,Pays_de_Galles,Stephen Jones,DemiOuverture,78,true
1999,Pays_de_Galles,Scott Gibbs,Centre,87,false
1999,Pays_de_Galles,Mark Taylor,Centre,78,false
1999,Pays_de_Galles,Jason Jones-Hughes,Centre,76,false
1999,Pays_de_Galles,Gareth Thomas,Ailier,87,false
1999,Pays_de_Galles,Dafydd James,Ailier,78,false
1999,Pays_de_Galles,Allan Bateman,Ailier,76,false
1999,Pays_de_Galles,Shane Howarth,Arriere,84,true
1999,Japon,Shin Hasegawa,Pilier,66,false
1999,Japon,Masaaki Sakata,Pilier,64,false
1999,Japon,Kohei Oguchi,Pilier,62,false
1999,Japon,Toshikazu Nakamichi,Talonneur,66,false
1999,Japon,Masahiro Kunda,Talonneur,64,false
1999,Japon,Yoshihiko Sakuraba,DeuxiemeLigne,64,false
1999,Japon,Hiroyuki Tanuma,DeuxiemeLigne,62,false
1999,Japon,Yasunori Watanabe,DeuxiemeLigne,65,false
1999,Japon,Naoya Okubo,DeuxiemeLigne,63,false
1999,Japon,Jamie Joseph,TroisiemeLigneAile,77,false
1999,Japon,Greg Smith,TroisiemeLigneAile,64,false
1999,Japon,Ryuji Ishi,TroisiemeLigneAile,62,false
1999,Japon,Takeomi Ito,TroisiemeLigneAile,65,false
1999,Japon,Hajime Kiso,TroisiemeLigneCentre,66,false
1999,Japon,Robert Gordon,TroisiemeLigneCentre,64,false
1999,Japon,Graeme Bachop,DemiDeMelee,78,false
1999,Japon,Wataru Murata,DemiDeMelee,64,false
1999,Japon,Keiji Hirose,DemiOuverture,66,true
1999,Japon,Kensuke Iwabuchi,DemiOuverture,64,true
1999,Japon,Andrew McCormick,Centre,76,false
1999,Japon,Akira Yoshida,Centre,64,false
1999,Japon,Atsushi Koga,Centre,62,false
1999,Japon,Yukio Motoki,Centre,65,false
1999,Japon,Ryohei Miki,Centre,63,false
1999,Japon,Daisuke Ohata,Ailier,78,true
1999,Japon,Terunori Masuho,Ailier,64,false
1999,Japon,Tsutomu Matsuda,Ailier,62,false
1999,Japon,Patiliai Tuidraki,Ailier,65,false
1999,Japon,Takafumi Hirao,Arriere,66,false
1999,Samoa,Brendan Reidy,Pilier,74,false
1999,Samoa,Robbie Ale,Pilier,72,false
1999,Samoa,Polo Asi,Pilier,70,false
1999,Samoa,Kepi Faiva'ai,Pilier,73,false
1999,Samoa,Mike Mika,Pilier,71,false
1999,Samoa,Trevor Leota,Talonneur,82,false
1999,Samoa,Onehunga Matauiau,Talonneur,72,false
1999,Samoa,Lio Falaniko,DeuxiemeLigne,74,false
1999,Samoa,Lama Tone,DeuxiemeLigne,72,false
1999,Samoa,Opeta Palepoi,DeuxiemeLigne,70,false
1999,Samoa,Junior Paramore,TroisiemeLigneAile,74,false
1999,Samoa,Sene Ta'ala,TroisiemeLigneAile,72,false
1999,Samoa,Kalolo Toleafoa,TroisiemeLigneAile,70,false
1999,Samoa,Craig Glendinning,TroisiemeLigneAile,73,false
1999,Samoa,Pat Lam,TroisiemeLigneCentre,82,false
1999,Samoa,Semo Sititi,TroisiemeLigneCentre,72,false
1999,Samoa,Zak Feau'nati,TroisiemeLigneCentre,70,false
1999,Samoa,Steven So'oialo,DemiDeMelee,74,false
1999,Samoa,John Clarke,DemiDeMelee,72,false
1999,Samoa,Stephen Bachop,DemiOuverture,81,true
1999,Samoa,George Leaupepe,DemiOuverture,72,true
1999,Samoa,Tanner Vili,DemiOuverture,80,true
1999,Samoa,Va'aiga Tuigamala,Centre,85,false
1999,Samoa,To'o Vaega,Centre,72,false
1999,Samoa,Terry Fanolua,Centre,70,false
1999,Samoa,Silao Leaega,Ailier,74,false
1999,Samoa,Brian Lima,Ailier,84,false
1999,Samoa,Afato So'oalo,Ailier,70,false
1999,Samoa,Filipo Toala,Ailier,73,false
1999,Samoa,Mike Umaga,Arriere,74,false
1999,Samoa,Earl Va'a,Arriere,72,true
1999,Australie,Richard Harry,Pilier,88,false
1999,Australie,Andrew Blades,Pilier,86,false
1999,Australie,Dan Crowley,Pilier,84,false
1999,Australie,Michael Foley,Talonneur,86,false
1999,Australie,Jeremy Paul,Talonneur,87,false
1999,Australie,David Giffin,DeuxiemeLigne,88,false
1999,Australie,John Eales,DeuxiemeLigne,96,false
1999,Australie,Owen Finegan,DeuxiemeLigne,88,false
1999,Australie,Matthew Cockbain,TroisiemeLigneAile,88,false
1999,Australie,David John Wilson,TroisiemeLigneAile,86,false
1999,Australie,Mark Connors,TroisiemeLigneAile,84,false
1999,Australie,Toutai Kefu,TroisiemeLigneCentre,91,false
1999,Australie,George Gregan,DemiDeMelee,95,false
1999,Australie,Chris Whitaker,DemiDeMelee,86,false
1999,Australie,Stephen Larkham,DemiOuverture,95,true
1999,Australie,Tim Horan,Centre,94,false
1999,Australie,Dan Herbert,Centre,86,false
1999,Australie,Nathan Grey,Centre,84,false
1999,Australie,Jason Little,Centre,88,false
1999,Australie,Joe Roff,Ailier,90,false
1999,Australie,Ben Tune,Ailier,89,false
1999,Australie,Matt Burke,Arriere,93,true
1999,USA,Joe Clayton,Pilier,63,false
1999,USA,Marc L'Huillier,Pilier,61,false
1999,USA,Ray Lehner,Pilier,59,false
1999,USA,George Sucher,Pilier,62,false
1999,USA,Tom Billups,Talonneur,63,false
1999,USA,Kirk Khasigian,Talonneur,61,false
1999,USA,Luke Gross,DeuxiemeLigne,69,false
1999,USA,Alec Parker,DeuxiemeLigne,61,false
1999,USA,Dave Hodges,TroisiemeLigneAile,63,false
1999,USA,Fifita Mounga,TroisiemeLigneAile,61,false
1999,USA,Shaun Paga,TroisiemeLigneAile,59,false
1999,USA,Richard Tardits,TroisiemeLigneAile,62,false
1999,USA,Rob Lumkong,TroisiemeLigneCentre,63,false
1999,USA,Dan Lyle,TroisiemeLigneCentre,70,false
1999,USA,Jesse Coulson,DemiDeMelee,63,false
1999,USA,Kevin Dalzell,DemiDeMelee,61,false
1999,USA,David Niu,DemiOuverture,63,true
1999,USA,Mark Williams,DemiOuverture,61,true
1999,USA,Juan Grobler,Centre,63,false
1999,USA,Alatini Saulala,Centre,61,false
1999,USA,Mark Scharrenberg,Centre,59,false
1999,USA,Tomasi Takau,Centre,62,false
1999,USA,Vaea Anitoni,Ailier,63,false
1999,USA,Andre Blom,Ailier,61,false
1999,USA,Brian Hightower,Ailier,59,false
1999,USA,Rich Schurfeld,Ailier,62,false
1999,USA,Sinapati Uiagalelei,Ailier,60,false
1999,USA,Kurt Shuman,Arriere,68,false
1999,USA,Dave Stroble,Arriere,61,false
1999,Irlande,Paul Wallace,Pilier,76,false
1999,Irlande,Reggie Corrigan,Pilier,74,false
1999,Irlande,Justin Fitzpatrick,Pilier,72,false
1999,Irlande,Angus McKeen,Pilier,75,false
1999,Irlande,Keith Wood,Talonneur,90,false
1999,Irlande,Ross Nesdale,Talonneur,74,false
1999,Irlande,Malcolm O'Kelly,DeuxiemeLigne,83,false
1999,Irlande,Jeremy Davidson,DeuxiemeLigne,74,false
1999,Irlande,Paddy Johns,DeuxiemeLigne,72,false
1999,Irlande,Bob Casey,DeuxiemeLigne,75,false
1999,Irlande,Dion O'Cuinneagain,TroisiemeLigneAile,76,false
1999,Irlande,Andy Ward,TroisiemeLigneAile,74,false
1999,Irlande,Kieron Dawson,TroisiemeLigneAile,72,false
1999,Irlande,Eric Miller,TroisiemeLigneAile,75,false
1999,Irlande,Alan Quinlan,TroisiemeLigneCentre,76,false
1999,Irlande,Tom Tierney,DemiDeMelee,76,false
1999,Irlande,Brian O'Meara,DemiDeMelee,74,false
1999,Irlande,David Humphreys,DemiOuverture,84,true
1999,Irlande,Eric Elwood,DemiOuverture,74,true
1999,Irlande,Brian O'Driscoll,Centre,86,false
1999,Irlande,Mike Mullins,Centre,74,false
1999,Irlande,Jonathan Bell,Centre,72,false
1999,Irlande,Kevin Maggs,Centre,75,false
1999,Irlande,Matt Mostyn,Ailier,76,false
1999,Irlande,Justin Bishop,Ailier,74,false
1999,Irlande,James Topping,Ailier,72,false
1999,Irlande,Conor O'Shea,Arriere,82,false
1999,Irlande,Gordon D'Arcy,Arriere,74,true
1999,Roumanie,Petru Bălan,Pilier,68,false
1999,Roumanie,Nicolae Dragoș Dima,Pilier,62,false
1999,Roumanie,Laurențiu Rotaru,Pilier,60,false
1999,Roumanie,Constantin Stan,Pilier,63,false
1999,Roumanie,Dragos Niculae,Pilier,61,false
1999,Roumanie,Ștefan Demici,Talonneur,64,false
1999,Roumanie,Razvan Mavrodin,Talonneur,62,false
1999,Roumanie,Tiberiu Brînză,DeuxiemeLigne,64,false
1999,Roumanie,Daniel Chiriac,DeuxiemeLigne,62,false
1999,Roumanie,Tudor Constantin,DeuxiemeLigne,60,false
1999,Roumanie,Ovidiu Slușariuc,DeuxiemeLigne,63,false
1999,Roumanie,Florin Corodeanu,TroisiemeLigneAile,64,false
1999,Roumanie,Alin Petrache,TroisiemeLigneAile,62,false
1999,Roumanie,Erdinci Septar,TroisiemeLigneAile,60,false
1999,Roumanie,Ovidiu Tonița,TroisiemeLigneAile,63,false
1999,Roumanie,Cătălin Drăguceanu,TroisiemeLigneCentre,64,false
1999,Roumanie,Marius Iacob,DemiDeMelee,64,false
1999,Roumanie,Petre Mitu,DemiDeMelee,62,false
1999,Roumanie,Lucian Sîrbu,DemiDeMelee,60,false
1999,Roumanie,Mihai Ciolacu,DemiOuverture,64,true
1999,Roumanie,Ionuț Tofan,DemiOuverture,62,true
1999,Roumanie,Roland Vusec,DemiOuverture,60,true
1999,Roumanie,Romeo Gontineac,Centre,64,false
1999,Roumanie,Cristian Lupu,Centre,62,false
1999,Roumanie,Gabriel Brezoianu,Ailier,64,false
1999,Roumanie,Radu Fugigi,Ailier,62,false
1999,Roumanie,Cristian Hîldan,Ailier,60,false
1999,Roumanie,Cristian Săuan,Ailier,63,false
1999,Roumanie,Gheorghe Solomie,Ailier,61,false
1999,Roumanie,Mihai Vioreanu,Arriere,66,false
1995,Australie,Tony Daly,Pilier,88,false
1995,Australie,Dan Crowley,Pilier,86,false
1995,Australie,Ewen McKenzie,Pilier,87,false
1995,Australie,Mark Hartill,Pilier,87,false
1995,Australie,Phil Kearns,Talonneur,88,false
1995,Australie,Michael Foley,Talonneur,86,false
1995,Australie,Rod McCall,DeuxiemeLigne,88,false
1995,Australie,John Eales,DeuxiemeLigne,95,false
1995,Australie,Warwick Waugh,DeuxiemeLigne,84,false
1995,Australie,Willie Ofahengaue,TroisiemeLigneAile,88,false
1995,Australie,Ilivasi Tabua,TroisiemeLigneAile,86,false
1995,Australie,David John Wilson,TroisiemeLigneAile,84,false
1995,Australie,Daniel Manu,TroisiemeLigneAile,87,false
1995,Australie,Tim Gavin,TroisiemeLigneCentre,88,false
1995,Australie,Troy Coker,TroisiemeLigneCentre,86,false
1995,Australie,George Gregan,DemiDeMelee,93,false
1995,Australie,Peter Slattery,DemiDeMelee,86,false
1995,Australie,Michael Lynagh,DemiOuverture,92,true
1995,Australie,Scott Bowen,DemiOuverture,86,true
1995,Australie,Dan Herbert,Centre,88,false
1995,Australie,Jason Little,Centre,86,false
1995,Australie,Tim Horan,Centre,92,false
1995,Australie,Joe Roff,Ailier,86,false
1995,Australie,David Campese,Ailier,89,false
1995,Australie,Damian Smith,Ailier,84,false
1995,Australie,Matt Pini,Arriere,88,false
1995,Australie,Matt Burke,Arriere,91,true
1995,Canada,Richard Bice,Pilier,70,false
1995,Canada,Eddie Evans,Pilier,68,false
1995,Canada,Paul LeBlanc,Pilier,66,false
1995,Canada,Rod Snow,Pilier,79,false
1995,Canada,Mark Cardinal,Talonneur,70,false
1995,Canada,Karl Svoboda,Talonneur,68,false
1995,Canada,Glen Ennis,DeuxiemeLigne,70,false
1995,Canada,Mike James,DeuxiemeLigne,68,false
1995,Canada,Gareth Rowlands,DeuxiemeLigne,66,false
1995,Canada,Al Charron,TroisiemeLigneAile,81,false
1995,Canada,Ian Gordon,TroisiemeLigneAile,68,false
1995,Canada,John Hutchinson,TroisiemeLigneAile,66,false
1995,Canada,Gordon MacKinnon,TroisiemeLigneAile,69,false
1995,Canada,Colin McKenzie,TroisiemeLigneCentre,70,false
1995,Canada,Chris Michaluk,TroisiemeLigneCentre,68,false
1995,Canada,John Graf,DemiDeMelee,70,false
1995,Canada,Alan Tynan,DemiDeMelee,68,false
1995,Canada,Gareth Rees,DemiOuverture,82,true
1995,Canada,Bobby Ross,DemiOuverture,68,true
1995,Canada,Steve Gray,Centre,70,false
1995,Canada,Christian Stewart,Centre,68,false
1995,Canada,Ron Toews,Centre,66,false
1995,Canada,Dave Lougheed,Ailier,70,false
1995,Canada,Shawn Lytton,Ailier,68,false
1995,Canada,Winston Stanley,Ailier,66,false
1995,Canada,Scott Stewart,Arriere,70,true
1995,Roumanie,Vasile Lucaci,Pilier,63,false
1995,Roumanie,Gabriel Vlad,Pilier,61,false
1995,Roumanie,Leodor Costea,Pilier,59,false
1995,Roumanie,Gheorghe Leonte,Pilier,62,false
1995,Roumanie,Valere Tufă,Talonneur,63,false
1995,Roumanie,Ionel Negreci,Talonneur,61,false
1995,Roumanie,Sandu Ciorăscu,DeuxiemeLigne,63,false
1995,Roumanie,Constantin Cojocariu,DeuxiemeLigne,61,false
1995,Roumanie,Traian Oroian,DeuxiemeLigne,59,false
1995,Roumanie,Cătălin Drăguceanu,TroisiemeLigneAile,63,false
1995,Roumanie,Andrei Gurănescu,TroisiemeLigneAile,61,false
1995,Roumanie,Alexandru Gealapu,TroisiemeLigneAile,59,false
1995,Roumanie,Tiberiu Brînză,TroisiemeLigneCentre,69,false
1995,Roumanie,Ovidiu Slușariuc,TroisiemeLigneCentre,61,false
1995,Roumanie,Vasile Flutur,DemiDeMelee,63,false
1995,Roumanie,Daniel Neaga,DemiDeMelee,61,false
1995,Roumanie,Ilie Ivanciuc,DemiOuverture,63,true
1995,Roumanie,Neculai Nichitean,DemiOuverture,61,true
1995,Roumanie,Adrian Lungu,Centre,63,false
1995,Roumanie,Romeo Gontineac,Centre,68,false
1995,Roumanie,Nicolae Răcean,Centre,59,false
1995,Roumanie,Lucian Colceriu,Ailier,63,false
1995,Roumanie,Ionel Rotaru,Ailier,61,false
1995,Roumanie,Gheorghe Solomie,Ailier,59,false
1995,Roumanie,Radu Fugigi,Ailier,62,false
1995,Roumanie,Vasile Brici,Arriere,63,false
1995,Afrique_du_Sud,Os du Randt,Pilier,91,false
1995,Afrique_du_Sud,Balie Swart,Pilier,85,false
1995,Afrique_du_Sud,Marius Hurter,Pilier,83,false
1995,Afrique_du_Sud,Garry Pagel,Pilier,86,false
1995,Afrique_du_Sud,Chris Rossouw,Talonneur,87,false
1995,Afrique_du_Sud,James Dalton,Talonneur,85,false
1995,Afrique_du_Sud,Naka Drotske,Talonneur,87,false
1995,Afrique_du_Sud,Mark Andrews,DeuxiemeLigne,90,false
1995,Afrique_du_Sud,Kobus Wiese,DeuxiemeLigne,85,false
1995,Afrique_du_Sud,Hannes Strydom,DeuxiemeLigne,83,false
1995,Afrique_du_Sud,Krynauw Otto,DeuxiemeLigne,86,false
1995,Afrique_du_Sud,Robbie Brink,TroisiemeLigneAile,87,false
1995,Afrique_du_Sud,Rudolf Straeuli,TroisiemeLigneAile,85,false
1995,Afrique_du_Sud,Ruben Kruger,TroisiemeLigneAile,89,false
1995,Afrique_du_Sud,Francois Pienaar,TroisiemeLigneCentre,93,false
1995,Afrique_du_Sud,Adriaan Richter,TroisiemeLigneCentre,85,false
1995,Afrique_du_Sud,Joost van der Westhuizen,DemiDeMelee,94,false
1995,Afrique_du_Sud,Johan Roux,DemiDeMelee,85,false
1995,Afrique_du_Sud,Joël Stransky,DemiOuverture,92,true
1995,Afrique_du_Sud,Hennie Le Roux,DemiOuverture,85,true
1995,Afrique_du_Sud,Japie Mulder,Centre,86,false
1995,Afrique_du_Sud,Brendan Venter,Centre,85,false
1995,Afrique_du_Sud,Christiaan Scholtz,Centre,83,false
1995,Afrique_du_Sud,Chester Williams,Ailier,90,false
1995,Afrique_du_Sud,James Small,Ailier,88,false
1995,Afrique_du_Sud,André Joubert,Arriere,88,true
1995,Afrique_du_Sud,Gavin Johnson,Arriere,85,true
1995,Argentine,Matias Corral,Pilier,75,false
1995,Argentine,Marcelo Urbano,Pilier,73,false
1995,Argentine,Roberto Grau,Pilier,71,false
1995,Argentine,Patricio Noriega,Pilier,74,false
1995,Argentine,Federico Méndez,Talonneur,75,false
1995,Argentine,Ricardo Le Fort,Talonneur,73,false
1995,Argentine,Germán Llanes,DeuxiemeLigne,75,false
1995,Argentine,Pedro Sporleder,DeuxiemeLigne,82,false
1995,Argentine,Nicolás Bossicovich,DeuxiemeLigne,71,false
1995,Argentine,Pablo Buabse,DeuxiemeLigne,74,false
1995,Argentine,Rolando Martin,TroisiemeLigneAile,75,false
1995,Argentine,Cristián Viel,TroisiemeLigneAile,73,false
1995,Argentine,Agustín Macome,TroisiemeLigneAile,71,false
1995,Argentine,Martín Sugasti,TroisiemeLigneAile,74,false
1995,Argentine,Sebastián Irazoqui,TroisiemeLigneCentre,75,false
1995,Argentine,José Santamarina,TroisiemeLigneCentre,73,false
1995,Argentine,Agustín Pichot,DemiDeMelee,84,false
1995,Argentine,Rodrigo Crexell,DemiDeMelee,73,false
1995,Argentine,Guillermo del Castillo,DemiOuverture,75,true
1995,Argentine,José Cilley,DemiOuverture,73,true
1995,Argentine,Lisandro Arbizu,DemiOuverture,83,true
1995,Argentine,Sebastian Salvat,Centre,75,false
1995,Argentine,Fernando del Castillo,Centre,73,false
1995,Argentine,Francisco García,Centre,71,false
1995,Argentine,Gonzalo Camardón,Ailier,75,false
1995,Argentine,Diego Cuesta Silva,Ailier,73,false
1995,Argentine,Martin Teran Nougues,Ailier,71,false
1995,Argentine,Diego Albanese,Ailier,74,false
1995,Argentine,Ezequiel Jurado,Arriere,75,false
1995,Argentine,Santiago Mesón,Arriere,73,false
1995,Angleterre,Jason Leonard,Pilier,89,false
1995,Angleterre,Graham Rowntree,Pilier,80,false
1995,Angleterre,Victor Ubogu,Pilier,78,false
1995,Angleterre,John Mallett,Pilier,81,false
1995,Angleterre,Brian Moore,Talonneur,86,false
1995,Angleterre,Graham Dawe,Talonneur,80,false
1995,Angleterre,Martin Bayfield,DeuxiemeLigne,82,false
1995,Angleterre,Martin Johnson,DeuxiemeLigne,89,false
1995,Angleterre,Richard West,DeuxiemeLigne,78,false
1995,Angleterre,Tim Rodber,TroisiemeLigneAile,82,false
1995,Angleterre,Steve Ojomoh,TroisiemeLigneAile,80,false
1995,Angleterre,Neil Back,TroisiemeLigneAile,85,false
1995,Angleterre,Dean Richards,TroisiemeLigneCentre,85,false
1995,Angleterre,Ben Clarke,TroisiemeLigneCentre,80,false
1995,Angleterre,Kyran Bracken,DemiDeMelee,82,false
1995,Angleterre,Dewi Morris,DemiDeMelee,80,false
1995,Angleterre,Rob Andrew,DemiOuverture,87,true
1995,Angleterre,Will Carling,Centre,88,false
1995,Angleterre,Jeremy Guscott,Centre,88,false
1995,Angleterre,Phil de Glanville,Centre,78,false
1995,Angleterre,Damian Hopley,Centre,81,false
1995,Angleterre,Tony Underwood,Ailier,82,false
1995,Angleterre,Rory Underwood,Ailier,86,false
1995,Angleterre,Ian Hunter,Ailier,78,false
1995,Angleterre,Mike Catt,Arriere,82,true
1995,Angleterre,Jonathan Callard,Arriere,80,true
1995,Italie,Andrea Castellani,Pilier,72,false
1995,Italie,Massimo Cuttitta,Pilier,82,false
1995,Italie,Mauro dal Sie,Pilier,68,false
1995,Italie,Giovanni Grespan,Pilier,71,false
1995,Italie,Franco Properzi,Pilier,69,false
1995,Italie,Carlo Orlandi,Talonneur,72,false
1995,Italie,Moreno Trevisiol,Talonneur,70,false
1995,Italie,Giambattista Croci,DeuxiemeLigne,72,false
1995,Italie,Roberto Favaro,DeuxiemeLigne,70,false
1995,Italie,Mark Giacheri,DeuxiemeLigne,68,false
1995,Italie,Pierpaolo Pedroni,DeuxiemeLigne,71,false
1995,Italie,Diego Scaglia,DeuxiemeLigne,69,false
1995,Italie,Orazio Arancio,TroisiemeLigneAile,72,false
1995,Italie,Massimiliano Capuzzoni,TroisiemeLigneAile,70,false
1995,Italie,Massimo Giovanelli,TroisiemeLigneAile,68,false
1995,Italie,Andrea Sgorlon,TroisiemeLigneAile,71,false
1995,Italie,Carlo Checchinato,TroisiemeLigneCentre,72,false
1995,Italie,Julian Gardner,TroisiemeLigneCentre,70,false
1995,Italie,Ivan Francescato,DemiDeMelee,72,false
1995,Italie,Alessandro Troncon,DemiDeMelee,84,false
1995,Italie,Diego Dominguez,DemiOuverture,86,true
1995,Italie,Piermassimiliano Dotto,DemiOuverture,70,true
1995,Italie,Francesco Mazzariol,DemiOuverture,68,true
1995,Italie,Massimo Bonomi,Centre,72,false
1995,Italie,Stefano Bordon,Centre,70,false
1995,Italie,Marco Platania,Centre,68,false
1995,Italie,Paolo Vaccari,Centre,71,false
1995,Italie,Marcello Cuttitta,Ailier,72,false
1995,Italie,Mario Gerosa,Ailier,70,false
1995,Italie,Massimo Ravazzolo,Ailier,68,false
1995,Italie,Luigi Troiani,Arriere,72,false
1995,Samoa,Peter Fatialofa,Pilier,82,false
1995,Samoa,Mike Mika,Pilier,75,false
1995,Samoa,George Latu,Pilier,73,false
1995,Samoa,Brendan Reidy,Pilier,76,false
1995,Samoa,Tala Leiasamaivao,Talonneur,77,false
1995,Samoa,Lio Falaniko,DeuxiemeLigne,77,false
1995,Samoa,Potu Leavasa,DeuxiemeLigne,75,false
1995,Samoa,Saini Lemamea,DeuxiemeLigne,73,false
1995,Samoa,Sila Vaifale,TroisiemeLigneAile,77,false
1995,Samoa,Junior Paramore,TroisiemeLigneAile,75,false
1995,Samoa,Malaki Iupeli,TroisiemeLigneAile,73,false
1995,Samoa,Shem Tatupu,TroisiemeLigneAile,76,false
1995,Samoa,Sam Kaleta,TroisiemeLigneAile,74,false
1995,Samoa,Pat Lam,TroisiemeLigneCentre,84,false
1995,Samoa,Tu Nu'uali'itia,DemiDeMelee,77,false
1995,Samoa,Darren Kellett,DemiOuverture,77,true
1995,Samoa,Esera Puleitu,DemiOuverture,75,true
1995,Samoa,Va'apu'u Vitale,DemiOuverture,73,true
1995,Samoa,Daryl Williams,DemiOuverture,76,true
1995,Samoa,To'o Vaega,Centre,77,false
1995,Samoa,George Harder,Centre,75,false
1995,Samoa,George Leaupepe,Centre,73,false
1995,Samoa,Tupo Fa`amasino,Ailier,77,false
1995,Samoa,Brian Lima,Ailier,84,false
1995,Samoa,Freddie Tuilagi,Ailier,73,false
1995,Samoa,Fata Sini,Ailier,76,false
1995,Samoa,Mike Umaga,Arriere,81,false
1995,Irlande,John Fitzgerald,Pilier,76,false
1995,Irlande,Gary Halpin,Pilier,74,false
1995,Irlande,Nick Popplewell,Pilier,72,false
1995,Irlande,Paul Wallace,Pilier,75,false
1995,Irlande,Terry Kingston,Talonneur,76,false
1995,Irlande,Keith Wood,Talonneur,88,false
1995,Irlande,Neil Francis,DeuxiemeLigne,76,false
1995,Irlande,Gabriel Fulcher,DeuxiemeLigne,74,false
1995,Irlande,Paddy Johns,DeuxiemeLigne,72,false
1995,Irlande,Davy Tweed,DeuxiemeLigne,75,false
1995,Irlande,David Corkery,TroisiemeLigneAile,76,false
1995,Irlande,Eddie Halvey,TroisiemeLigneAile,74,false
1995,Irlande,Denis McBride,TroisiemeLigneAile,72,false
1995,Irlande,Anthony Foley,TroisiemeLigneCentre,82,false
1995,Irlande,Michael Bradley,DemiDeMelee,76,false
1995,Irlande,Niall Hogan,DemiDeMelee,74,false
1995,Irlande,Paul Burke,DemiOuverture,76,true
1995,Irlande,Eric Elwood,DemiOuverture,82,true
1995,Irlande,Jonathan Bell,Centre,76,false
1995,Irlande,Maurice Field,Centre,74,false
1995,Irlande,Brendan Mullin,Centre,72,false
1995,Irlande,Simon Geoghegan,Ailier,76,false
1995,Irlande,Darragh O'Mahony,Ailier,74,false
1995,Irlande,Richard Wallace,Ailier,72,false
1995,Irlande,Conor O'Shea,Arriere,83,false
1995,Irlande,Jim Staples,Arriere,74,false
1995,Japon,Osamu Ota,Pilier,64,false
1995,Japon,Kazuaki Takahashi,Pilier,62,false
1995,Japon,Eiji Hirotsu,Pilier,60,false
1995,Japon,Kazu Hamabe,Pilier,63,false
1995,Japon,Masahiro Kunda,Talonneur,64,false
1995,Japon,Masanori Takura,Talonneur,62,false
1995,Japon,Yoshihiko Sakuraba,DeuxiemeLigne,64,false
1995,Japon,Bruce Ferguson,DeuxiemeLigne,62,false
1995,Japon,Ko Izawa,TroisiemeLigneAile,64,false
1995,Japon,Takashi Akatsuka,TroisiemeLigneAile,62,false
1995,Japon,Hiroyuki Kajihara,TroisiemeLigneAile,60,false
1995,Japon,Tomoya Haneda,TroisiemeLigneAile,63,false
1995,Japon,Sinali Latu,TroisiemeLigneCentre,74,false
1995,Japon,Sione Latu,TroisiemeLigneCentre,62,false
1995,Japon,Masami Horikoshi,DemiDeMelee,64,false
1995,Japon,Wataru Murata,DemiDeMelee,62,false
1995,Japon,Katsuhiro Matsuo,DemiOuverture,64,true
1995,Japon,Keiji Hirose,DemiOuverture,62,true
1995,Japon,Akira Yoshida,Centre,64,false
1995,Japon,Seiji Hirao,Centre,75,false
1995,Japon,Yukio Motoki,Centre,60,false
1995,Japon,Tsutomu Matsuda,Ailier,64,false
1995,Japon,Terunori Masuho,Ailier,62,false
1995,Japon,Lopeti Oto,Ailier,60,false
1995,Japon,Yoshihito Yoshida,Ailier,63,false
1995,Japon,Kiyoshi Imaizumi,Arriere,64,false
1995,Nouvelle_Zélande,Olo Brown,Pilier,86,false
1995,Nouvelle_Zélande,Craig Dowd,Pilier,84,false
1995,Nouvelle_Zélande,Richard Loe,Pilier,82,false
1995,Nouvelle_Zélande,Sean Fitzpatrick,Talonneur,92,false
1995,Nouvelle_Zélande,Norm Hewitt,Talonneur,84,false
1995,Nouvelle_Zélande,Robin Brooke,DeuxiemeLigne,86,false
1995,Nouvelle_Zélande,Blair Larsen,DeuxiemeLigne,84,false
1995,Nouvelle_Zélande,Ian Jones,DeuxiemeLigne,88,false
1995,Nouvelle_Zélande,Mike Brewer,TroisiemeLigneAile,86,false
1995,Nouvelle_Zélande,Josh Kronfeld,TroisiemeLigneAile,88,false
1995,Nouvelle_Zélande,Jamie Joseph,TroisiemeLigneAile,82,false
1995,Nouvelle_Zélande,Paul Henderson,TroisiemeLigneAile,85,false
1995,Nouvelle_Zélande,Kevin Schuler,TroisiemeLigneAile,83,false
1995,Nouvelle_Zélande,Zinzan Brooke,TroisiemeLigneCentre,91,false
1995,Nouvelle_Zélande,Graeme Bachop,DemiDeMelee,86,false
1995,Nouvelle_Zélande,Ant Strachan,DemiDeMelee,84,false
1995,Nouvelle_Zélande,Andrew Mehrtens,DemiOuverture,93,true
1995,Nouvelle_Zélande,Simon Culhane,DemiOuverture,84,true
1995,Nouvelle_Zélande,Frank Bunce,Centre,89,false
1995,Nouvelle_Zélande,Walter Little,Centre,84,false
1995,Nouvelle_Zélande,Alama Ieremia,Centre,82,false
1995,Nouvelle_Zélande,Jonah Lomu,Ailier,97,false
1995,Nouvelle_Zélande,Jeff Wilson,Ailier,90,false
1995,Nouvelle_Zélande,Eric Rush,Ailier,82,false
1995,Nouvelle_Zélande,Marc Ellis,Ailier,85,false
1995,Nouvelle_Zélande,Glen Osborne,Arriere,86,false
1995,Pays_de_Galles,John Davies,Pilier,79,false
1995,Pays_de_Galles,Ricky Evans,Pilier,77,false
1995,Pays_de_Galles,Mike Griffiths,Pilier,75,false
1995,Pays_de_Galles,Spencer John,Pilier,78,false
1995,Pays_de_Galles,Jonathan Humphreys,Talonneur,79,false
1995,Pays_de_Galles,Garin Jenkins,Talonneur,77,false
1995,Pays_de_Galles,Derwyn Jones,DeuxiemeLigne,79,false
1995,Pays_de_Galles,Gareth Llewellyn,DeuxiemeLigne,77,false
1995,Pays_de_Galles,Greg Prosser,DeuxiemeLigne,75,false
1995,Pays_de_Galles,Stuart Roy,DeuxiemeLigne,78,false
1995,Pays_de_Galles,Mark Bennett,TroisiemeLigneAile,79,false
1995,Pays_de_Galles,Stuart Davies,TroisiemeLigneAile,77,false
1995,Pays_de_Galles,Hemi Taylor,TroisiemeLigneAile,75,false
1995,Pays_de_Galles,Emyr Lewis,TroisiemeLigneCentre,79,false
1995,Pays_de_Galles,Robert Jones,DemiDeMelee,79,false
1995,Pays_de_Galles,Andy Moore,DemiDeMelee,77,false
1995,Pays_de_Galles,Adrian Davies,DemiOuverture,79,true
1995,Pays_de_Galles,David Wyn Evans,DemiOuverture,77,true
1995,Pays_de_Galles,Neil Jenkins,DemiOuverture,88,true
1995,Pays_de_Galles,Mike Hall,Centre,79,false
1995,Pays_de_Galles,Gareth Jones,Centre,77,false
1995,Pays_de_Galles,Gareth Thomas,Centre,85,false
1995,Pays_de_Galles,Ieuan Evans,Ailier,85,false
1995,Pays_de_Galles,Steve Ford,Ailier,77,false
1995,Pays_de_Galles,Wayne Proctor,Ailier,75,false
1995,Pays_de_Galles,Tony Clement,Arriere,79,true
1995,Pays_de_Galles,Justin Thomas,Arriere,77,false
1995,France,Louis Armary,Pilier,84,false
1995,France,Laurent Bénézech,Pilier,82,false
1995,France,Christian Califano,Pilier,87,false
1995,France,Philippe Gallart,Pilier,83,false
1995,France,Jean-Michel Gonzalez,Talonneur,84,false
1995,France,Marc de Rougemont,Talonneur,82,false
1995,France,Olivier Brouzet,DeuxiemeLigne,84,false
1995,France,Olivier Merle,DeuxiemeLigne,86,false
1995,France,Olivier Roumat,DeuxiemeLigne,80,false
1995,France,Abdelatif Benazzi,TroisiemeLigneAile,90,false
1995,France,Philippe Benetton,TroisiemeLigneAile,82,false
1995,France,Laurent Cabannes,TroisiemeLigneAile,80,false
1995,France,Arnaud Costes,TroisiemeLigneAile,83,false
1995,France,Marc Cécillon,TroisiemeLigneCentre,84,false
1995,France,Albert Cigagna,TroisiemeLigneCentre,82,false
1995,France,Guy Accoceberry,DemiDeMelee,84,false
1995,France,Aubin Hueber,DemiDeMelee,82,false
1995,France,Fabien Galthié,DemiDeMelee,91,false
1995,France,Christophe Deylaud,DemiOuverture,84,true
1995,France,Yann Delaigue,DemiOuverture,82,true
1995,France,Thierry Lacroix,Centre,87,true
1995,France,Franck Mesnel,Centre,82,false
1995,France,Philippe Sella,Centre,90,false
1995,France,Émile Ntamack,Ailier,89,false
1995,France,Philippe Saint-André,Ailier,88,false
1995,France,William Téchoueyres,Ailier,80,false
1995,France,Jean-Luc Sadourny,Arriere,85,false
1995,France,Sébastien Viars,Arriere,82,true
1995,Cote_d_Ivoire,Ernest Bley,Pilier,57,false
1995,Cote_d_Ivoire,Toussaint Djehi,Pilier,55,false
1995,Cote_d_Ivoire,Jean-Pascal Ezoua,Pilier,53,false
1995,Cote_d_Ivoire,Daniel Quansah,Pilier,56,false
1995,Cote_d_Ivoire,Édouard Angoran,Talonneur,57,false
1995,Cote_d_Ivoire,Achille Niamien,Talonneur,55,false
1995,Cote_d_Ivoire,Bléou Aka,DeuxiemeLigne,57,false
1995,Cote_d_Ivoire,Gilbert Bado,DeuxiemeLigne,55,false
1995,Cote_d_Ivoire,Amidou Koné,DeuxiemeLigne,53,false
1995,Cote_d_Ivoire,Soumaïla Koné,DeuxiemeLigne,56,false
1995,Cote_d_Ivoire,Alfred Okou,TroisiemeLigneAile,57,false
1995,Cote_d_Ivoire,Patrice Pere,TroisiemeLigneAile,55,false
1995,Cote_d_Ivoire,Ismaila Lassissi,TroisiemeLigneAile,53,false
1995,Cote_d_Ivoire,Djakaria Sanoko,TroisiemeLigneCentre,57,false
1995,Cote_d_Ivoire,Félix Dago,DemiDeMelee,57,false
1995,Cote_d_Ivoire,Frédéric Dupont,DemiDeMelee,55,false
1995,Cote_d_Ivoire,Aboubakar Camara,DemiOuverture,57,true
1995,Cote_d_Ivoire,Athanase Dali,DemiOuverture,55,true
1995,Cote_d_Ivoire,Thierry Kouame,Centre,57,false
1995,Cote_d_Ivoire,Lucien Niakou,Centre,55,false
1995,Cote_d_Ivoire,Jean-Baptiste Sathiq,Centre,53,false
1995,Cote_d_Ivoire,Paulin Bouazo,Ailier,57,false
1995,Cote_d_Ivoire,Max Brito,Ailier,60,false
1995,Cote_d_Ivoire,Célestin N'Gbala,Ailier,53,false
1995,Cote_d_Ivoire,Aboubacar Soulama,Ailier,56,false
1995,Cote_d_Ivoire,Victor Kouassi,Arriere,57,false
1995,Écosse,Dave Hilton,Pilier,78,false
1995,Écosse,John Manson,Pilier,76,false
1995,Écosse,Peter Wright,Pilier,74,false
1995,Écosse,Paul Burnell,Pilier,77,false
1995,Écosse,Kenny Milne,Talonneur,78,false
1995,Écosse,Kevin McKenzie,Talonneur,76,false
1995,Écosse,Stewart Campbell,DeuxiemeLigne,78,false
1995,Écosse,Damian Cronin,DeuxiemeLigne,76,false
1995,Écosse,Jeremy Richardson,DeuxiemeLigne,74,false
1995,Écosse,Doddie Weir,DeuxiemeLigne,84,false
1995,Écosse,Rob Wainwright,TroisiemeLigneAile,78,false
1995,Écosse,Peter Walton,TroisiemeLigneAile,76,false
1995,Écosse,Iain Morrison,TroisiemeLigneAile,74,false
1995,Écosse,Ian Smith,TroisiemeLigneAile,77,false
1995,Écosse,Eric Peters,TroisiemeLigneCentre,78,false
1995,Écosse,Bryan Redpath,DemiDeMelee,78,false
1995,Écosse,Derrick Patterson,DemiDeMelee,76,false
1995,Écosse,Craig Chalmers,DemiOuverture,78,true
1995,Écosse,Scott Hastings,Centre,83,false
1995,Écosse,Ian Jardine,Centre,76,false
1995,Écosse,Graham Shiel,Centre,74,false
1995,Écosse,Kenny Logan,Ailier,83,true
1995,Écosse,Craig Joiner,Ailier,76,false
1995,Écosse,Tony Stanger,Ailier,74,false
1995,Écosse,Gavin Hastings,Arriere,89,true
1995,Écosse,Cameron Glasgow,Arriere,76,false
1995,Tonga,Tu'akalau Fukofuka,Pilier,68,false
1995,Tonga,Etuini Talakai,Pilier,66,false
1995,Tonga,Takau Lutua,Pilier,64,false
1995,Tonga,Saili Fe'ao,Pilier,67,false
1995,Tonga,Fe'ao Vunipola,Talonneur,68,false
1995,Tonga,Fololisi Masila,Talonneur,66,false
1995,Tonga,Pouvalu Latukefu,DeuxiemeLigne,68,false
1995,Tonga,Falamani Mafi,DeuxiemeLigne,66,false
1995,Tonga,Inoke Afeaki,DeuxiemeLigne,64,false
1995,Tonga,Willie Lose,DeuxiemeLigne,67,false
1995,Tonga,Ipolito Fenukitau,TroisiemeLigneAile,68,false
1995,Tonga,Alifeleti Fakaongo,TroisiemeLigneAile,66,false
1995,Tonga,Feleti Mahoni,TroisiemeLigneAile,64,false
1995,Tonga,Mana Otai,TroisiemeLigneCentre,68,false
1995,Tonga,Manu Vunipola,DemiDeMelee,68,false
1995,Tonga,Nafe Tufui,DemiDeMelee,66,false
1995,Tonga,Akuila Mafi,DemiOuverture,68,true
1995,Tonga,Falanisi Manukia,DemiOuverture,66,true
1995,Tonga,Elisi Vunipola,DemiOuverture,64,true
1995,Tonga,Penieli Latu,Centre,68,false
1995,Tonga,Simana Mafileo,Centre,66,false
1995,Tonga,David Manako,Centre,64,false
1995,Tonga,Unuoi Va'enuku,Centre,67,false
1995,Tonga,Alasika Taufa,Ailier,68,false
1995,Tonga,Tevita Va'enuku,Ailier,66,false
1995,Tonga,Taipe Isitolo,Arriere,68,false
1995,Tonga,Sateki Tuipulotu,Arriere,66,true
1991,Angleterre,Jason Leonard,Pilier,86,False
1991,Angleterre,Jeff Probyn,Pilier,84,False
1991,Angleterre,Gary Pearce,Pilier,82,False
1991,Angleterre,Paul Rendall,Pilier,85,False
1991,Angleterre,Brian Moore,Talonneur,87,False
1991,Angleterre,John Olver,Talonneur,84,False
1991,Angleterre,Paul Ackford,DeuxiemeLigne,86,False
1991,Angleterre,Wade Dooley,DeuxiemeLigne,84,False
1991,Angleterre,Nigel Redman,DeuxiemeLigne,82,False
1991,Angleterre,Mickey Skinner,TroisiemeLigneAile,86,False
1991,Angleterre,Peter Winterbottom,TroisiemeLigneAile,84,False
1991,Angleterre,Gary Rees,TroisiemeLigneAile,82,False
1991,Angleterre,Mike Teague,TroisiemeLigneCentre,86,False
1991,Angleterre,Dean Richards,TroisiemeLigneCentre,84,False
1991,Angleterre,Richard Hill,DemiDeMelee,86,False
1991,Angleterre,Rob Andrew,DemiOuverture,88,True
1991,Angleterre,Jeremy Guscott,Centre,88,False
1991,Angleterre,Will Carling,Centre,87,False
1991,Angleterre,Rory Underwood,Ailier,86,False
1991,Angleterre,Simon Halliday,Ailier,84,False
1991,Angleterre,Nigel Heslop,Ailier,82,False
1991,Angleterre,Chris Oti,Ailier,85,False
1991,Angleterre,Jonathan Webb,Arriere,86,True
1991,Angleterre,Simon Hodgkinson,Arriere,84,True
1991,USA,Chris lippert,Pilier,63,False
1991,USA,Lance Manga,Pilier,61,False
1991,USA,Norm Mottram,Pilier,59,False
1991,USA,Fred Paoli,Pilier,62,False
1991,USA,Tony Flay,Talonneur,63,False
1991,USA,Pat Johnson,Talonneur,61,False
1991,USA,Kevin Swords,DeuxiemeLigne,63,False
1991,USA,Chuck Tunnacliffe,DeuxiemeLigne,61,False
1991,USA,Bill Leversee,DeuxiemeLigne,59,False
1991,USA,Shawn Lipman,TroisiemeLigneAile,63,False
1991,USA,Rob Farley,TroisiemeLigneAile,61,False
1991,USA,Mark Sawicki,TroisiemeLigneAile,59,False
1991,USA,Jay Wilkerson,TroisiemeLigneAile,62,False
1991,USA,Tony Ridnell,TroisiemeLigneCentre,63,False
1991,USA,Brian Vizard,TroisiemeLigneCentre,61,False
1991,USA,Barry Daily,DemiDeMelee,63,False
1991,USA,Mark Pidcock,DemiDeMelee,61,False
1991,USA,Chris O'Brien,DemiOuverture,63,False
1991,USA,Mike de Jong,DemiOuverture,61,False
1991,USA,Joe Burke,Centre,63,False
1991,USA,Kevin Higgins,Centre,61,False
1991,USA,Mark Williams,Centre,59,False
1991,USA,Gary Hein,Ailier,63,False
1991,USA,Eric Whitaker,Ailier,61,False
1991,USA,Ray Nelson,Arriere,63,False
1991,USA,Paul Sheehy,Arriere,61,False
1991,Italie,Massimo Cuttitta,Pilier,72,False
1991,Italie,Franco Properzi,Pilier,70,False
1991,Italie,Giovanni Grespan,Pilier,68,False
1991,Italie,Guido Rossi,Pilier,71,False
1991,Italie,Giancarlo Pivetta,Talonneur,72,False
1991,Italie,Carlo Orlandi,Talonneur,70,False
1991,Italie,Roberto Favaro,DeuxiemeLigne,72,False
1991,Italie,Giambattista Croci,DeuxiemeLigne,70,False
1991,Italie,Antonio Colella,DeuxiemeLigne,68,False
1991,Italie,Gianni Zanon,TroisiemeLigneAile,72,False
1991,Italie,Massimo Giovanelli,TroisiemeLigneAile,70,False
1991,Italie,Carlo Checchinato,TroisiemeLigneAile,68,False
1991,Italie,Roberto Saetti,TroisiemeLigneCentre,72,False
1991,Italie,Ivan Francescato,DemiDeMelee,72,False
1991,Italie,Francesco Pietrosanti,DemiDeMelee,70,False
1991,Italie,Diego Domínguez,DemiOuverture,86,False
1991,Italie,Stefano Barba,Centre,72,False
1991,Italie,Fabio Gaetaniello,Centre,70,False
1991,Italie,Stefano Bordon,Centre,68,False
1991,Italie,Massimo Bonomi,Centre,71,False
1991,Italie,Paolo Vaccari,Ailier,72,False
1991,Italie,Marcello Cuttitta,Ailier,70,False
1991,Italie,Edgardo Venturi,Ailier,68,False
1991,Italie,Luigi Troiani,Arriere,72,False
1991,Italie,Daniele Tebaldi,Arriere,70,False
1991,Nouvelle_Zélande,Steve McDowall,Pilier,85,False
1991,Nouvelle_Zélande,Richard Loe,Pilier,83,False
1991,Nouvelle_Zélande,Graham Purvis,Pilier,81,False
1991,Nouvelle_Zélande,Craig Dowd,Pilier,84,False
1991,Nouvelle_Zélande,Sean Fitzpatrick,Talonneur,92,False
1991,Nouvelle_Zélande,Ian Jones,DeuxiemeLigne,85,False
1991,Nouvelle_Zélande,Gary Whetton,DeuxiemeLigne,83,False
1991,Nouvelle_Zélande,Michael Jones,TroisiemeLigneAile,91,False
1991,Nouvelle_Zélande,Paul Henderson,TroisiemeLigneAile,83,False
1991,Nouvelle_Zélande,Mark Carter,TroisiemeLigneAile,81,False
1991,Nouvelle_Zélande,Andy Earl,TroisiemeLigneAile,84,False
1991,Nouvelle_Zélande,Alan Whetton,TroisiemeLigneAile,82,False
1991,Nouvelle_Zélande,Zinzan Brooke,TroisiemeLigneCentre,90,False
1991,Nouvelle_Zélande,Graeme Bachop,DemiDeMelee,85,False
1991,Nouvelle_Zélande,Jason Hewett,DemiDeMelee,83,False
1991,Nouvelle_Zélande,Grant Fox,DemiOuverture,91,True
1991,Nouvelle_Zélande,Jon Preston,DemiOuverture,83,False
1991,Nouvelle_Zélande,Shayne Philpott,DemiOuverture,81,False
1991,Nouvelle_Zélande,Craig Innes,Centre,85,False
1991,Nouvelle_Zélande,Walter Little,Centre,83,False
1991,Nouvelle_Zélande,Bernie McCahill,Centre,81,False
1991,Nouvelle_Zélande,Va'aiga Tuigamala,Ailier,85,False
1991,Nouvelle_Zélande,John Kirwan,Ailier,89,False
1991,Nouvelle_Zélande,Terry Wright,Ailier,81,False
1991,Nouvelle_Zélande,John Timu,Arriere,85,False
1991,Nouvelle_Zélande,Kieran Crowley,Arriere,83,False
1991,Écosse,David Sole,Pilier,83,False
1991,Écosse,Paul Burnell,Pilier,81,False
1991,Écosse,John Allan,Talonneur,83,False
1991,Écosse,Kenny Milne,Talonneur,81,False
1991,Écosse,Chris Gray,DeuxiemeLigne,83,False
1991,Écosse,Doddie Weir,DeuxiemeLigne,81,False
1991,Écosse,Damian Cronin,DeuxiemeLigne,79,False
1991,Écosse,John Jeffrey,TroisiemeLigneAile,83,False
1991,Écosse,Finlay Calder,TroisiemeLigneAile,81,False
1991,Écosse,Derek Turnbull,TroisiemeLigneAile,79,False
1991,Écosse,Derek White,TroisiemeLigneCentre,83,False
1991,Écosse,Graham Marshall,TroisiemeLigneCentre,81,False
1991,Écosse,Gary Armstrong,DemiDeMelee,87,False
1991,Écosse,Greig Oliver,DemiDeMelee,81,False
1991,Écosse,Craig Chalmers,DemiOuverture,83,True
1991,Écosse,Douglas Wyllie,DemiOuverture,81,False
1991,Écosse,Sean Lineen,Centre,83,False
1991,Écosse,Scott Hastings,Centre,81,False
1991,Écosse,Graham Shiel,Centre,79,False
1991,Écosse,Iwan Tukalo,Ailier,83,False
1991,Écosse,Tony Stanger,Ailier,81,False
1991,Écosse,Gavin Hastings,Arriere,90,True
1991,Écosse,Peter Dods,Arriere,81,False
1991,Irlande,Jack Clarke,Pilier,79,False
1991,Irlande,Gary Halpin,Pilier,77,False
1991,Irlande,Nick Popplewell,Pilier,75,False
1991,Irlande,Des Fitzgerald,Pilier,78,False
1991,Irlande,Terry Kingston,Talonneur,79,False
1991,Irlande,Steve Smith,Talonneur,77,False
1991,Irlande,Neil Francis,DeuxiemeLigne,79,False
1991,Irlande,Donal Lenihan,DeuxiemeLigne,77,False
1991,Irlande,Phillip Matthews,TroisiemeLigneAile,79,False
1991,Irlande,Brian Robinson,TroisiemeLigneAile,77,False
1991,Irlande,Noel Mannion,TroisiemeLigneCentre,79,False
1991,Irlande,Fergus Aherne,DemiDeMelee,79,False
1991,Irlande,Rob Saunders,DemiDeMelee,77,False
1991,Irlande,Ralph Keyes,DemiOuverture,79,True
1991,Irlande,David Curtis,Centre,79,False
1991,Irlande,Vince Cunningham,Centre,77,False
1991,Irlande,Brendan Mullin,Centre,75,False
1991,Irlande,Pat O'Hara,Ailier,79,False
1991,Irlande,Keith Crossan,Ailier,77,False
1991,Irlande,Gordon Hamilton,Ailier,75,False
1991,Irlande,Simon Geoghegan,Ailier,78,False
1991,Irlande,Kenny Murphy,Arriere,79,False
1991,Irlande,Jim Staples,Arriere,77,False
1991,Japon,Osamu Ota,Pilier,62,False
1991,Japon,Masanori Takura,Pilier,60,False
1991,Japon,Kenichi Kimura,Pilier,58,False
1991,Japon,Kazuaki Takahashi,Pilier,61,False
1991,Japon,Tsuyoshi Fujita,Talonneur,62,False
1991,Japon,Masahiro Kunda,Talonneur,60,False
1991,Japon,Toshiyuki Hayashi,DeuxiemeLigne,62,False
1991,Japon,Atsushi Oyagi,DeuxiemeLigne,60,False
1991,Japon,Ekeroma Luaiufi,DeuxiemeLigne,58,False
1991,Japon,Hirofumi Ouchi,TroisiemeLigneAile,62,False
1991,Japon,Hiroyuki Kajihara,TroisiemeLigneAile,60,False
1991,Japon,Katsufumi Miyamoto,TroisiemeLigneAile,58,False
1991,Japon,Shuji Nakashima,TroisiemeLigneAile,61,False
1991,Japon,Sinali Latu,TroisiemeLigneCentre,62,False
1991,Japon,Masami Horikoshi,DemiDeMelee,62,False
1991,Japon,Wataru Murata,DemiDeMelee,60,False
1991,Japon,Katsuhiro Matsuo,DemiOuverture,62,False
1991,Japon,Shinobu Aoki,DemiOuverture,60,False
1991,Japon,Seiji Hirao,Centre,62,False
1991,Japon,Eiji Kutsuki,Centre,60,False
1991,Japon,Yukio Motoki,Centre,58,False
1991,Japon,Yoshihito Yoshida,Ailier,62,False
1991,Japon,Terunori Masuho,Ailier,60,False
1991,Japon,Tsutomu Matsuda,Ailier,58,False
1991,Japon,Tatsuya Maeda,Arriere,62,False
1991,Japon,Takahiro Hosokawa,Arriere,60,False
1991,Zimbabwe,Adrian Garvey,Pilier,58,False
1991,Zimbabwe,Robin Hunter,Pilier,56,False
1991,Zimbabwe,Alexander Nicholls,Pilier,54,False
1991,Zimbabwe,Chris Roberts,Pilier,57,False
1991,Zimbabwe,Gary Snyder,Pilier,55,False
1991,Zimbabwe,Brian Beattie,Talonneur,58,False
1991,Zimbabwe,Chris Botha,DeuxiemeLigne,58,False
1991,Zimbabwe,Rob Demblon,DeuxiemeLigne,56,False
1991,Zimbabwe,Michael Martin,DeuxiemeLigne,54,False
1991,Zimbabwe,Brendon Dawson,TroisiemeLigneAile,58,False
1991,Zimbabwe,Darren Muirhead,TroisiemeLigneAile,56,False
1991,Zimbabwe,Honeywell Nguruve,TroisiemeLigneAile,54,False
1991,Zimbabwe,Brenton Catterall,TroisiemeLigneCentre,58,False
1991,Zimbabwe,Andy Ferreira,DemiDeMelee,58,False
1991,Zimbabwe,Ewan MacMillan,DemiDeMelee,56,False
1991,Zimbabwe,Craig Brown,DemiOuverture,58,False
1991,Zimbabwe,Ralph Kuhn,DemiOuverture,56,False
1991,Zimbabwe,Mark Letcher,Centre,58,False
1991,Zimbabwe,Richard Tsimba,Centre,56,False
1991,Zimbabwe,Elimon Chimbima,Ailier,58,False
1991,Zimbabwe,William Schultz,Ailier,56,False
1991,Zimbabwe,Dave Walters,Ailier,54,False
1991,Zimbabwe,Brian Currin,Arriere,58,False
1991,Zimbabwe,Ian Noble,Arriere,56,False
1991,Argentine,Luis Molina,Pilier,74,False
1991,Argentine,Diego Cash,Pilier,72,False
1991,Argentine,Manuel Aguirre,Pilier,70,False
1991,Argentine,Federico Méndez,Talonneur,74,False
1991,Argentine,Roberto Le Fort,Talonneur,72,False
1991,Argentine,Mariano Bosch,Talonneur,70,False
1991,Argentine,Mariano Lombardi,Talonneur,73,False
1991,Argentine,Pablo Buabse,DeuxiemeLigne,74,False
1991,Argentine,Pedro Sporleder,DeuxiemeLigne,72,False
1991,Argentine,Germán Llanes,DeuxiemeLigne,70,False
1991,Argentine,Agustín Zanoni,DeuxiemeLigne,73,False
1991,Argentine,Francisco Irarrázaval,TroisiemeLigneAile,74,False
1991,Argentine,Pablo Garretón,TroisiemeLigneAile,72,False
1991,Argentine,Mario Carreras,TroisiemeLigneAile,70,False
1991,Argentine,José Santamarina,TroisiemeLigneCentre,74,False
1991,Argentine,Gonzalo Camardón,DemiDeMelee,74,False
1991,Argentine,Guillermo del Castillo,DemiOuverture,74,False
1991,Argentine,Lisandro Arbizu,DemiOuverture,72,False
1991,Argentine,Hernán García Simón,Centre,74,False
1991,Argentine,Matías Allen,Centre,72,False
1991,Argentine,Diego Cuesta Silva,Ailier,74,False
1991,Argentine,Martín Terán,Ailier,72,False
1991,Argentine,Gustavo Jorge,Ailier,70,False
1991,Argentine,Santiago Mesón,Arriere,74,False
1991,Argentine,Guillermo Angaut,Arriere,72,False
1991,Australie,Phil Kearns,Pilier,89,False
1991,Australie,Ewen McKenzie,Pilier,86,False
1991,Australie,Tony Daly,Talonneur,88,False
1991,Australie,John Eales,DeuxiemeLigne,91,False
1991,Australie,Rod McCall,DeuxiemeLigne,86,False
1991,Australie,Simon Poidevin,TroisiemeLigneAile,88,False
1991,Australie,Willy Ofahengaue,TroisiemeLigneAile,86,False
1991,Australie,Troy Coker,TroisiemeLigneCentre,88,False
1991,Australie,Nick Farr-Jones,DemiDeMelee,93,False
1991,Australie,Michael Lynagh,DemiOuverture,94,True
1991,Australie,Tim Horan,Centre,92,True
1991,Australie,Jason Little,Centre,86,False
1991,Australie,David Campese,Ailier,96,False
1991,Australie,Bob Egerton,Ailier,86,False
1991,Australie,Marty Roebuck,Arriere,88,False
1991,Pays_de_Galles,Mark Davis,Pilier,70,False
1991,Pays_de_Galles,Hugh Williams-Jones,Pilier,68,False
1991,Pays_de_Galles,Laurance Delaney,Pilier,66,False
1991,Pays_de_Galles,Mike Griffiths,Pilier,69,False
1991,Pays_de_Galles,Garin Jenkins,Talonneur,70,False
1991,Pays_de_Galles,Ken Waters,Talonneur,68,False
1991,Pays_de_Galles,Paul Arnold,DeuxiemeLigne,70,False
1991,Pays_de_Galles,Phil May,DeuxiemeLigne,68,False
1991,Pays_de_Galles,Kevin Moseley,DeuxiemeLigne,66,False
1991,Pays_de_Galles,Phil Davies,DeuxiemeLigne,69,False
1991,Pays_de_Galles,Martyn Morris,TroisiemeLigneAile,70,False
1991,Pays_de_Galles,Richie Collins,TroisiemeLigneAile,68,False
1991,Pays_de_Galles,Richard Webster,TroisiemeLigneAile,66,False
1991,Pays_de_Galles,Emyr Lewis,TroisiemeLigneCentre,70,False
1991,Pays_de_Galles,Andy Booth,DemiDeMelee,70,False
1991,Pays_de_Galles,Robert Jones,DemiDeMelee,68,False
1991,Pays_de_Galles,Tony Clement,DemiOuverture,70,False
1991,Pays_de_Galles,Adrian Davies,DemiOuverture,68,False
1991,Pays_de_Galles,David Wyn Evans,DemiOuverture,66,False
1991,Pays_de_Galles,Scott Gibbs,Centre,70,False
1991,Pays_de_Galles,Mike Hall,Centre,68,False
1991,Pays_de_Galles,Mark Ring,Centre,66,False
1991,Pays_de_Galles,Arthur Emyr,Ailier,70,False
1991,Pays_de_Galles,Ieuan Evans,Ailier,68,False
1991,Pays_de_Galles,Steve Ford,Ailier,66,False
1991,Pays_de_Galles,Mike Rayer,Arriere,70,False
1991,Samoa,Peter Fatialofa,Pilier,78,False
1991,Samoa,Vili Alaalatoa,Pilier,76,False
1991,Samoa,Palemia Lilomaiava,Pilier,74,False
1991,Samoa,Apollo Perelini,Pilier,77,False
1991,Samoa,David Sio,Pilier,75,False
1991,Samoa,Stan To'omalatai,Talonneur,78,False
1991,Samoa,Mark Birtwistle,DeuxiemeLigne,78,False
1991,Samoa,Mat Keenan,DeuxiemeLigne,76,False
1991,Samoa,Eddie Ioane,DeuxiemeLigne,74,False
1991,Samoa,Junior Paramore,TroisiemeLigneAile,78,False
1991,Samoa,Dan Kaleopa,TroisiemeLigneAile,76,False
1991,Samoa,Sila Vaifale,TroisiemeLigneAile,74,False
1991,Samoa,Pat Lam,TroisiemeLigneCentre,78,False
1991,Samoa,Tu Nu'uali'itia,DemiDeMelee,78,False
1991,Samoa,Mathew Vaea,DemiDeMelee,76,False
1991,Samoa,Stephen Bachop,DemiOuverture,82,False
1991,Samoa,Filipo Saena,DemiOuverture,76,False
1991,Samoa,To'o Vaega,Centre,78,False
1991,Samoa,Frank Bunce,Centre,76,False
1991,Samoa,Tupo Fa'amasino,Centre,74,False
1991,Samoa,Brian Lima,Ailier,84,False
1991,Samoa,Timo Tagaloa,Ailier,76,False
1991,Samoa,Freddie Tuilagi,Ailier,74,False
1991,Samoa,Andrew Aiolupo,Arriere,78,False
1991,Canada,Eddie Evans,Pilier,71,False
1991,Canada,Dan Jackart,Pilier,69,False
1991,Canada,Gary Dukelow,Pilier,67,False
1991,Canada,Paul Szabo,Pilier,70,False
1991,Canada,David Speirs,Talonneur,71,False
1991,Canada,Karl Svoboda,Talonneur,69,False
1991,Canada,Norm Hadley,DeuxiemeLigne,71,False
1991,Canada,John Robertsen,DeuxiemeLigne,69,False
1991,Canada,Ron van den Brink,DeuxiemeLigne,67,False
1991,Canada,Al Charron,DeuxiemeLigne,77,False
1991,Canada,Roy Radu,TroisiemeLigneAile,71,False
1991,Canada,Bruce Breen,TroisiemeLigneAile,69,False
1991,Canada,Gord MacKinnon,TroisiemeLigneAile,67,False
1991,Canada,Glen Ennis,TroisiemeLigneCentre,71,False
1991,Canada,John Graf,DemiDeMelee,71,False
1991,Canada,Chris Tynan,DemiDeMelee,69,False
1991,Canada,Gareth Rees,DemiOuverture,82,False
1991,Canada,Scott Stewart,DemiOuverture,69,False
1991,Canada,Steve Gray,Centre,71,False
1991,Canada,Christian Stewart,Centre,69,False
1991,Canada,Tom Woods,Centre,67,False
1991,Canada,John Lecky,Centre,70,False
1991,Canada,Dave Lougheed,Ailier,71,False
1991,Canada,Pat Palmer,Ailier,69,False
1991,Canada,Mark Wyatt,Arriere,71,False
1991,Fidji,Peni Volavola,Pilier,75,False
1991,Fidji,Epeli Naituivau,Pilier,73,False
1991,Fidji,Naibuka Vuli,Pilier,71,False
1991,Fidji,Mosese Taga,Talonneur,75,False
1991,Fidji,Dranivesi Baleiwai,Talonneur,73,False
1991,Fidji,Salacieli Naivilawasa,Talonneur,71,False
1991,Fidji,Sam Domoni,DeuxiemeLigne,75,False
1991,Fidji,Ilaitia Savai,DeuxiemeLigne,73,False
1991,Fidji,Aisake Nadolo,DeuxiemeLigne,71,False
1991,Fidji,Alifereti Dere,TroisiemeLigneAile,75,False
1991,Fidji,Laisenia Katonawale,TroisiemeLigneAile,73,False
1991,Fidji,Max Olsson,TroisiemeLigneAile,71,False
1991,Fidji,Tevita Vonolagi,TroisiemeLigneAile,74,False
1991,Fidji,Ifereimi Tawake,TroisiemeLigneCentre,75,False
1991,Fidji,Pauliasi Tabulutu,DemiDeMelee,75,False
1991,Fidji,Mosese Vosanibola,DemiDeMelee,73,False
1991,Fidji,Waisale Serevi,DemiOuverture,88,False
1991,Fidji,Tomasi Rabaka,DemiOuverture,73,False
1991,Fidji,Kalaveti Naisoro,Centre,75,False
1991,Fidji,Savenaca Aria,Centre,73,False
1991,Fidji,Noa Nadruku,Ailier,75,False
1991,Fidji,Fili Seru,Ailier,73,False
1991,Fidji,Tomasi Lovo,Ailier,71,False
1991,Fidji,Severo Koroduadua,Arriere,75,False
1991,Fidji,Opeti Turuva,Arriere,73,False
1991,France,Pascal Ondarts,Pilier,82,False
1991,France,Louis Armary,Pilier,80,False
1991,France,Philippe Gimbert,Pilier,78,False
1991,France,Philippe Marocco,Talonneur,82,False
1991,France,Grégoire Lascubé,Talonneur,80,False
1991,France,Jean-Marie Cadieu,DeuxiemeLigne,82,False
1991,France,Olivier Roumat,DeuxiemeLigne,80,False
1991,France,Abdelatif Benazzi,DeuxiemeLigne,86,False
1991,France,Philippe Benetton,TroisiemeLigneAile,82,False
1991,France,Laurent Cabannes,TroisiemeLigneAile,80,False
1991,France,Michel Courtiols,TroisiemeLigneAile,78,False
1991,France,Thierry Devergie,TroisiemeLigneAile,81,False
1991,France,Marc Cécillon,TroisiemeLigneCentre,82,False
1991,France,Éric Champ,TroisiemeLigneCentre,80,False
1991,France,Fabien Galthié,DemiDeMelee,87,False
1991,France,Henri Sanz,DemiDeMelee,80,False
1991,France,Thierry Lacroix,DemiOuverture,86,True
1991,France,Didier Camberabero,DemiOuverture,80,True
1991,France,Philippe Sella,Centre,89,False
1991,France,Franck Mesnel,Centre,80,False
1991,France,Jean-Baptiste Lafond,Centre,78,False
1991,France,Philippe Saint-André,Ailier,82,False
1991,France,Patrice Lagisquet,Ailier,80,False
1991,France,Serge Blanco,Arriere,90,False
1991,France,Jean-Luc Sadourny,Arriere,80,False
1991,Roumanie,Gabriel Vlad,Pilier,65,False
1991,Roumanie,Viorel Ionescu,Pilier,63,False
1991,Roumanie,Constantin Stan,Pilier,61,False
1991,Roumanie,Gheorghe Leonte,Pilier,64,False
1991,Roumanie,Gheorghe Corneliu,Pilier,62,False
1991,Roumanie,Gheorghe Ion,Talonneur,65,False
1991,Roumanie,Sandu Ciorăscu,DeuxiemeLigne,65,False
1991,Roumanie,Constantin Cojocariu,DeuxiemeLigne,63,False
1991,Roumanie,Nicușor Marin,DeuxiemeLigne,61,False
1991,Roumanie,Gheorghe Dinu,TroisiemeLigneAile,65,False
1991,Roumanie,Ioan Doja,TroisiemeLigneAile,63,False
1991,Roumanie,Andrei Gurănescu,TroisiemeLigneAile,61,False
1991,Roumanie,Hari Dumitras,TroisiemeLigneCentre,65,False
1991,Roumanie,Tiberiu Brînză,TroisiemeLigneCentre,63,False
1991,Roumanie,Mihai Foca,DemiDeMelee,65,False
1991,Roumanie,Daniel Neaga,DemiDeMelee,63,False
1991,Roumanie,Ilie Ivanciuc,DemiOuverture,65,False
1991,Roumanie,Neculai Nichitean,DemiOuverture,63,False
1991,Roumanie,Nicolae Fulina,Centre,65,False
1991,Roumanie,Nicolae Răcean,Centre,63,False
1991,Roumanie,Adrian Lungu,Centre,61,False
1991,Roumanie,George Sava,Centre,64,False
1991,Roumanie,Ștefan Tofan,Centre,62,False
1991,Roumanie,Lucian Colceriu,Ailier,65,False
1991,Roumanie,Cătălin Sasu,Ailier,63,False
1991,Roumanie,Marian Dumitru,Arriere,65,False
1987,Angleterre,Gareth Chilcott,Pilier,82,False
1987,Angleterre,Paul Rendall,Pilier,82,False
1987,Angleterre,Jeff Probyn,Pilier,82,False
1987,Angleterre,Gary Pearce,Pilier,82,False
1987,Angleterre,Graham Dawe,Talonneur,82,False
1987,Angleterre,Brian Moore,Talonneur,87,False
1987,Angleterre,Wade Dooley,DeuxiemeLigne,82,False
1987,Angleterre,Steve Bainbridge,DeuxiemeLigne,82,False
1987,Angleterre,Nigel Redman,DeuxiemeLigne,82,False
1987,Angleterre,Gary Rees,TroisiemeLigneAile,82,False
1987,Angleterre,Peter Winterbottom,TroisiemeLigneAile,82,False
1987,Angleterre,Jon Hall,TroisiemeLigneAile,82,False
1987,Angleterre,Dean Richards,TroisiemeLigneCentre,82,False
1987,Angleterre,David Egerton,TroisiemeLigneCentre,82,False
1987,Angleterre,Richard Hill,DemiDeMelee,82,False
1987,Angleterre,Richard Harding,DemiDeMelee,82,False
1987,Angleterre,Rob Andrew,DemiOuverture,88,True
1987,Angleterre,Peter Williams,DemiOuverture,82,False
1987,Angleterre,Huw Davies,DemiOuverture,82,False
1987,Angleterre,Fran Clough,Centre,82,False
1987,Angleterre,Jamie Salmon,Centre,82,False
1987,Angleterre,Kevin Simms,Centre,82,False
1987,Angleterre,Rory Underwood,Ailier,88,False
1987,Angleterre,Mike Harrison,Ailier,82,False
1987,Angleterre,Mark Bailey,Ailier,82,False
1987,Angleterre,Jon Webb,Arriere,82,False
1987,Angleterre,Marcus Rose,Arriere,82,False
1987,Australie,Mark Hartill,Pilier,83,False
1987,Australie,Cameron Lillicrap,Pilier,83,False
1987,Australie,Andy McIntyre,Pilier,83,False
1987,Australie,Enrique Rodríguez,Pilier,83,False
1987,Australie,Tom Lawton,Talonneur,83,False
1987,Australie,Mark McBain,Talonneur,83,False
1987,Australie,Bill Campbell,DeuxiemeLigne,83,False
1987,Australie,Steve Cutler,DeuxiemeLigne,83,False
1987,Australie,Ross Reynolds,DeuxiemeLigne,83,False
1987,Australie,David Codey,TroisiemeLigneAile,83,False
1987,Australie,Jeff Miller,TroisiemeLigneAile,83,False
1987,Australie,Simon Poidevin,TroisiemeLigneAile,83,False
1987,Australie,Troy Coker,TroisiemeLigneCentre,83,False
1987,Australie,Steve Tuynman,TroisiemeLigneCentre,83,False
1987,Australie,Nick Farr-Jones,DemiDeMelee,90,False
1987,Australie,Brian Smith,DemiDeMelee,83,False
1987,Australie,Steve James,DemiOuverture,83,False
1987,Australie,Michael Lynagh,DemiOuverture,93,True
1987,Australie,Michael Cook,Centre,83,False
1987,Australie,Anthony Herbert,Centre,83,False
1987,Australie,Brett Papworth,Centre,83,False
1987,Australie,Andrew Slack,Centre,83,False
1987,Australie,Matt Burke,Ailier,83,False
1987,Australie,David Campese,Ailier,96,False
1987,Australie,Peter Grigg,Ailier,83,False
1987,Australie,Roger Gould,Arriere,83,False
1987,Australie,Andrew Leeds,Arriere,83,False
1987,USA,Fred Paoli,Pilier,61,False
1987,USA,Rick Bailey,Pilier,61,False
1987,USA,Neal Brendel,Pilier,61,False
1987,USA,Butch Horwath,Pilier,61,False
1987,USA,Pat Johnson,Talonneur,61,False
1987,USA,John Everett,Talonneur,61,False
1987,USA,Kevin Swords,DeuxiemeLigne,61,False
1987,USA,Ed Burlingham,DeuxiemeLigne,61,False
1987,USA,Bob Causey,DeuxiemeLigne,61,False
1987,USA,Bill Shiflet,DeuxiemeLigne,61,False
1987,USA,Blane Warhurst,TroisiemeLigneAile,61,False
1987,USA,Gary Lambert,TroisiemeLigneAile,61,False
1987,USA,Steve Finkel,TroisiemeLigneAile,61,False
1987,USA,Tony Ridnell,TroisiemeLigneAile,61,False
1987,USA,Brian Vizard,TroisiemeLigneCentre,61,False
1987,USA,Mike Saunders,DemiDeMelee,61,False
1987,USA,Dave Dickson,DemiDeMelee,61,False
1987,USA,John Mickel,DemiDeMelee,61,False
1987,USA,Joe Clarkson,DemiOuverture,61,False
1987,USA,Mike Caulder,DemiOuverture,61,False
1987,USA,Dave Horton,DemiOuverture,61,False
1987,USA,Roy Helu,Centre,61,False
1987,USA,Tommy Vinnick,Centre,61,False
1987,USA,Kevin Higgins,Centre,61,False
1987,USA,Denis Shanagher,Centre,61,False
1987,USA,Gary Hein,Ailier,61,False
1987,USA,Tony Purcell,Ailier,61,False
1987,USA,Ray Nelson,Arriere,61,False
1987,Japon,Masaharu Aizawa,Pilier,60,False
1987,Japon,Toshitaka Kimura,Pilier,60,False
1987,Japon,Koji Yasumi,Pilier,60,False
1987,Japon,Koji Horaguchi,Pilier,60,False
1987,Japon,Tsutomu Hirose,Pilier,60,False
1987,Japon,Tsuyoshi Fujita,Talonneur,60,False
1987,Japon,Toshiyuki Hayashi,DeuxiemeLigne,60,False
1987,Japon,Atsushi Oyagi,DeuxiemeLigne,60,False
1987,Japon,Yoshihiko Sakuraba,DeuxiemeLigne,60,False
1987,Japon,Seiji Kurihara,DeuxiemeLigne,60,False
1987,Japon,Katsufumi Miyamoto,TroisiemeLigneAile,60,False
1987,Japon,Yasuharu Kawase,TroisiemeLigneAile,60,False
1987,Japon,Sinali Latu,TroisiemeLigneCentre,60,False
1987,Japon,Michihito Chida,TroisiemeLigneCentre,60,False
1987,Japon,Hisataka Ikuta,DemiDeMelee,60,False
1987,Japon,Mitsutake Hagimoto,DemiDeMelee,60,False
1987,Japon,Katsuhiro Matsuo,DemiOuverture,60,False
1987,Japon,Seiji Hirao,DemiOuverture,60,False
1987,Japon,Eiji Kutsuki,Centre,60,False
1987,Japon,Kojiro Yoshinaga,Centre,60,False
1987,Japon,Shinji Onuki,Ailier,60,False
1987,Japon,Minoru Okidoi,Ailier,60,False
1987,Japon,Nofomuli Taumoefolau,Ailier,60,False
1987,Japon,Toshiro Yoshino,Ailier,60,False
1987,Japon,Shogo Mukai,Arriere,60,False
1987,Japon,Daijiro Murai,Arriere,60,False
1987,Canada,Eddie Evans,Pilier,67,False
1987,Canada,Ross Breen,Pilier,67,False
1987,Canada,Bill Handson,Pilier,67,False
1987,Canada,Randy McKellar,Pilier,67,False
1987,Canada,Mark Cardinal,Talonneur,67,False
1987,Canada,Karl Svoboda,Talonneur,67,False
1987,Canada,Ro Hindson,DeuxiemeLigne,67,False
1987,Canada,Hans de Goede,DeuxiemeLigne,67,False
1987,Canada,Ron van den Brink,DeuxiemeLigne,67,False
1987,Canada,Bruce Breen,TroisiemeLigneAile,67,False
1987,Canada,Roy Radu,TroisiemeLigneAile,67,False
1987,Canada,Rob Frame,TroisiemeLigneAile,67,False
1987,Canada,Glen Ennis,TroisiemeLigneCentre,67,False
1987,Canada,Ian Stuart,DemiDeMelee,67,False
1987,Canada,Dave Tucker,DemiDeMelee,67,False
1987,Canada,Ian Hyde-Lay,DemiOuverture,67,False
1987,Canada,Gareth Rees,DemiOuverture,82,False
1987,Canada,Steve Gray,Centre,67,False
1987,Canada,Paul Vaesen,Centre,67,False
1987,Canada,Tom Woods,Centre,67,False
1987,Canada,John Lecky,Ailier,67,False
1987,Canada,Spence McTavish,Ailier,67,False
1987,Canada,Pat Palmer,Ailier,67,False
1987,Canada,Mark Wyatt,Arriere,67,False
1987,Pays_de_Galles,Steven Blackmore,Pilier,78,False
1987,Pays_de_Galles,Dai Young,Pilier,78,False
1987,Pays_de_Galles,Anthony Buchanan,Pilier,78,False
1987,Pays_de_Galles,Jeff Whitefoot,Pilier,78,False
1987,Pays_de_Galles,Stuart Evans,Pilier,78,False
1987,Pays_de_Galles,Alan Phillips,Talonneur,78,False
1987,Pays_de_Galles,Kevin Phillips,Talonneur,78,False
1987,Pays_de_Galles,Billy James,Talonneur,78,False
1987,Pays_de_Galles,Dick Moriarty,DeuxiemeLigne,78,False
1987,Pays_de_Galles,Paul Moriarty,DeuxiemeLigne,78,False
1987,Pays_de_Galles,Phil Davies,DeuxiemeLigne,78,False
1987,Pays_de_Galles,Bob Norster,DeuxiemeLigne,78,False
1987,Pays_de_Galles,Huw Richards,DeuxiemeLigne,78,False
1987,Pays_de_Galles,Steve Sutton,DeuxiemeLigne,78,False
1987,Pays_de_Galles,Richie Collins,TroisiemeLigneAile,78,False
1987,Pays_de_Galles,Richard Webster,TroisiemeLigneAile,78,False
1987,Pays_de_Galles,Gareth Roberts,TroisiemeLigneCentre,78,False
1987,Pays_de_Galles,Robert Jones,DemiDeMelee,78,False
1987,Pays_de_Galles,Ray Giles,DemiDeMelee,78,False
1987,Pays_de_Galles,Jonathan Davies,DemiOuverture,78,True
1987,Pays_de_Galles,Malcolm Dacey,DemiOuverture,78,False
1987,Pays_de_Galles,Mark Ring,Centre,78,False
1987,Pays_de_Galles,Bleddyn Bowen,Centre,78,False
1987,Pays_de_Galles,Kevin Hopkins,Centre,78,False
1987,Pays_de_Galles,Ieuan Evans,Ailier,78,False
1987,Pays_de_Galles,John Devereux,Ailier,78,False
1987,Pays_de_Galles,Glen Webbe,Ailier,78,False
1987,Pays_de_Galles,Mark Titley,Ailier,78,False
1987,Pays_de_Galles,Adrian Hadley,Ailier,78,False
1987,Pays_de_Galles,Paul Thorburn,Arriere,78,True
1987,Irlande,Philip Orr,Pilier,75,False
1987,Irlande,Jim McCoy,Pilier,75,False
1987,Irlande,Job Langbroek,Pilier,75,False
1987,Irlande,Des Fitzgerald,Pilier,75,False
1987,Irlande,John MacDonald,Talonneur,75,False
1987,Irlande,Terry Kingston,Talonneur,75,False
1987,Irlande,Steve Smith,Talonneur,75,False
1987,Irlande,Jim Glennon,DeuxiemeLigne,75,False
1987,Irlande,Donal Lenihan,DeuxiemeLigne,75,False
1987,Irlande,Neil Francis,DeuxiemeLigne,75,False
1987,Irlande,Willie Anderson,DeuxiemeLigne,75,False
1987,Irlande,Phillip Matthews,TroisiemeLigneAile,75,False
1987,Irlande,Derek McGrath,TroisiemeLigneAile,75,False
1987,Irlande,Paul Collins,TroisiemeLigneAile,75,False
1987,Irlande,Nigel Carr,TroisiemeLigneAile,75,False
1987,Irlande,Brian Spillane,TroisiemeLigneCentre,75,False
1987,Irlande,Michael Bradley,DemiDeMelee,75,False
1987,Irlande,Tony Doyle,DemiDeMelee,75,False
1987,Irlande,Paul Dean,DemiOuverture,75,False
1987,Irlande,Brendan Mullin,Centre,75,False
1987,Irlande,Mike Kiernan,Centre,75,False
1987,Irlande,David Irwin,Centre,75,False
1987,Irlande,Trevor Ringland,Ailier,75,False
1987,Irlande,Keith Crossan,Ailier,75,False
1987,Irlande,Hugo MacNeill,Arriere,75,False
1987,Irlande,Phillip Rainey,Arriere,75,False
1987,Tonga,Hakatoa Tupou,Pilier,72,False
1987,Tonga,Latu Va'eno,Pilier,72,False
1987,Tonga,Takai Makisi,Pilier,72,False
1987,Tonga,Viliami Lutua,Pilier,72,False
1987,Tonga,Soakai Motu'apuaka,Pilier,72,False
1987,Tonga,Amone Fungavaka,Talonneur,72,False
1987,Tonga,Kasi Fine,DeuxiemeLigne,72,False
1987,Tonga,Polutele Tuihalamaka,DeuxiemeLigne,72,False
1987,Tonga,Mofuike Tu'ungafasi,DeuxiemeLigne,72,False
1987,Tonga,Fakahau Valu,TroisiemeLigneAile,72,False
1987,Tonga,Taipaleti Tu'uta,TroisiemeLigneAile,72,False
1987,Tonga,Sione Tahaafe,TroisiemeLigneCentre,72,False
1987,Tonga,Kini Fotu,TroisiemeLigneCentre,72,False
1987,Tonga,Maliu Filise,TroisiemeLigneCentre,72,False
1987,Tonga,Manu Vunipola,DemiDeMelee,72,False
1987,Tonga,Talai Fifita,DemiDeMelee,72,False
1987,Tonga,Lemeki Vaipulu,DemiOuverture,72,False
1987,Tonga,Talia'uli Liava'a,DemiOuverture,72,False
1987,Tonga,Asa Amone,Centre,72,False
1987,Tonga,Alamoni Liava'a,Centre,72,False
1987,Tonga,Samiu Mohi,Centre,72,False
1987,Tonga,Soane Asi,Ailier,72,False
1987,Tonga,Quddus Fielea,Ailier,72,False
1987,Tonga,Talanoa Kitekei'aho,Ailier,72,False
1987,Tonga,Tali Ete'aki,Arriere,72,False
1987,Tonga,Liueli Fusimalohi,Arriere,72,False
1987,Argentine,Hugo Torres,Pilier,71,False
1987,Argentine,Diego Cash,Pilier,71,False
1987,Argentine,Luis Molina,Pilier,71,False
1987,Argentine,Fernando Morel,Pilier,71,False
1987,Argentine,Serafin Dengra,Talonneur,71,False
1987,Argentine,Julio Clement,Talonneur,71,False
1987,Argentine,Gustavo Milano,DeuxiemeLigne,71,False
1987,Argentine,Roberto Cobelo,DeuxiemeLigne,71,False
1987,Argentine,Eliseo Branca,DeuxiemeLigne,71,False
1987,Argentine,Sergio Carossio,DeuxiemeLigne,71,False
1987,Argentine,Jorge Allen,TroisiemeLigneAile,71,False
1987,Argentine,José Mostany,TroisiemeLigneAile,71,False
1987,Argentine,Alejandro Schiavio,TroisiemeLigneAile,71,False
1987,Argentine,Gabriel Travaglini,TroisiemeLigneCentre,71,False
1987,Argentine,Fabio Gomez,DemiDeMelee,71,False
1987,Argentine,Martín Yangüela,DemiDeMelee,71,False
1987,Argentine,Marcelo Faggi,DemiDeMelee,71,False
1987,Argentine,Julián Manuele,DemiOuverture,71,False
1987,Argentine,Hugo Porta,DemiOuverture,88,True
1987,Argentine,Fabián Turnes,Centre,71,False
1987,Argentine,Rafael Madero,Centre,71,False
1987,Argentine,Marcelo Campo,Ailier,71,False
1987,Argentine,Diego Cuesta Silva,Ailier,71,False
1987,Argentine,Juan Lanza,Ailier,71,False
1987,Argentine,Pedro Lanza,Ailier,71,False
1987,Argentine,Sebastian Salvat,Arriere,71,False
1987,Argentine,Guillermo Angaut,Arriere,71,False
1987,Fidji,Peni Volavola,Pilier,73,False
1987,Fidji,Sairusi Naituku,Pilier,73,False
1987,Fidji,Mosese Taga,Talonneur,73,False
1987,Fidji,Salacieli Naivilawasa,Talonneur,73,False
1987,Fidji,Rusiate Namoro,Talonneur,73,False
1987,Fidji,Epeli Rakai,Talonneur,73,False
1987,Fidji,Ilaitia Savai,DeuxiemeLigne,73,False
1987,Fidji,Jioji Cama,DeuxiemeLigne,73,False
1987,Fidji,Aisake Nadolo,DeuxiemeLigne,73,False
1987,Fidji,Livai Kididromo,TroisiemeLigneAile,73,False
1987,Fidji,Samu Vunivalu,TroisiemeLigneAile,73,False
1987,Fidji,Manasa Qoro,TroisiemeLigneAile,73,False
1987,Fidji,Apisai Nagata,TroisiemeLigneAile,73,False
1987,Fidji,Koli Rakoroi,TroisiemeLigneCentre,73,False
1987,Fidji,John Sanday,TroisiemeLigneCentre,73,False
1987,Fidji,Peceli Gale,TroisiemeLigneCentre,73,False
1987,Fidji,Paulo Nawalu,DemiDeMelee,73,False
1987,Fidji,Pauliasi Tabulutu,DemiDeMelee,73,False
1987,Fidji,Elia Rokowailoa,DemiOuverture,73,False
1987,Fidji,Sirilo Lovokuro,Centre,73,False
1987,Fidji,Epineri Naituku,Centre,73,False
1987,Fidji,Tom Mitchell,Centre,73,False
1987,Fidji,Kaiava Salusalu,Centre,73,False
1987,Fidji,Jimi Damu,Ailier,73,False
1987,Fidji,Kavekini Nalaga,Ailier,73,False
1987,Fidji,Tomasi Cama,Ailier,73,False
1987,Fidji,Severo Koroduadua Waqanibau,Arriere,73,False
1987,Italie,Giancarlo Pivetta,Pilier,69,False
1987,Italie,Stefano Romagnoli,Pilier,69,False
1987,Italie,Guido Rossi,Pilier,69,False
1987,Italie,Tito Lupini,Pilier,69,False
1987,Italie,Giancarlo Cucchiella,Pilier,69,False
1987,Italie,Giorgio Morelli,Talonneur,69,False
1987,Italie,Antonio Galeazzo,Talonneur,69,False
1987,Italie,Antonio Colella,DeuxiemeLigne,69,False
1987,Italie,Franco Berni,DeuxiemeLigne,69,False
1987,Italie,Mauro Gardin,DeuxiemeLigne,69,False
1987,Italie,Mario Pavin,TroisiemeLigneAile,69,False
1987,Italie,Guido Zanon,TroisiemeLigneAile,69,False
1987,Italie,Piergianni Farina,TroisiemeLigneAile,69,False
1987,Italie,Raffaele Dolfato,TroisiemeLigneAile,69,False
1987,Italie,Giuseppe Artuso,TroisiemeLigneAile,69,False
1987,Italie,Marzio Innocenti,TroisiemeLigneCentre,69,False
1987,Italie,Fulvio Lorigiola,DemiDeMelee,69,False
1987,Italie,Alessandro Ghini,DemiDeMelee,69,False
1987,Italie,Oscar Collodo,DemiOuverture,69,False
1987,Italie,Rodolfo Ambrosio,DemiOuverture,69,False
1987,Italie,Fabio Gaetaniello,Centre,69,False
1987,Italie,Stefano Barba,Centre,69,False
1987,Italie,Sergio Zorzi,Centre,69,False
1987,Italie,Massimo Cuttitta,Ailier,69,False
1987,Italie,Massimo Mascioletti,Ailier,69,False
1987,Italie,Daniele Tebaldi,Arriere,69,False
1987,Italie,Serafino Ghizzoni,Arriere,69,False
1987,Nouvelle_Zélande,John Drake,Pilier,88,False
1987,Nouvelle_Zélande,Richard Loe,Pilier,88,False
1987,Nouvelle_Zélande,Steve McDowall,Pilier,88,False
1987,Nouvelle_Zélande,Andy Dalton,Talonneur,88,False
1987,Nouvelle_Zélande,Sean Fitzpatrick,Talonneur,92,False
1987,Nouvelle_Zélande,Albert Anderson,DeuxiemeLigne,88,False
1987,Nouvelle_Zélande,Murray Pierce,DeuxiemeLigne,88,False
1987,Nouvelle_Zélande,Gary Whetton,DeuxiemeLigne,88,False
1987,Nouvelle_Zélande,Mark Brooke-Cowden,TroisiemeLigneAile,88,False
1987,Nouvelle_Zélande,Andy Earl,TroisiemeLigneAile,88,False
1987,Nouvelle_Zélande,Michael Jones,TroisiemeLigneAile,91,False
1987,Nouvelle_Zélande,Alan Whetton,TroisiemeLigneAile,88,False
1987,Nouvelle_Zélande,Zinzan Brooke,TroisiemeLigneCentre,91,False
1987,Nouvelle_Zélande,Buck Shelford,TroisiemeLigneCentre,88,False
1987,Nouvelle_Zélande,Bruce Deans,DemiDeMelee,88,False
1987,Nouvelle_Zélande,David Kirk,DemiDeMelee,88,False
1987,Nouvelle_Zélande,Frano Botica,DemiOuverture,88,True
1987,Nouvelle_Zélande,Grant Fox,DemiOuverture,94,True
1987,Nouvelle_Zélande,Bernie McCahill,Centre,88,False
1987,Nouvelle_Zélande,Joe Stanley,Centre,88,False
1987,Nouvelle_Zélande,Warwick Taylor,Centre,88,False
1987,Nouvelle_Zélande,Craig Green,Ailier,88,False
1987,Nouvelle_Zélande,John Kirwan,Ailier,92,False
1987,Nouvelle_Zélande,Terry Wright,Ailier,88,False
1987,Nouvelle_Zélande,Kieran Crowley,Arriere,88,False
1987,Nouvelle_Zélande,John Gallagher,Arriere,88,False
1987,Écosse,David Sole,Pilier,86,False
1987,Écosse,Norman Rowan,Pilier,77,False
1987,Écosse,Iain Milne,Pilier,77,False
1987,Écosse,Colin Deans,Talonneur,77,False
1987,Écosse,Alan Tomes,DeuxiemeLigne,77,False
1987,Écosse,Jeremy Campbell-Lamerton,DeuxiemeLigne,77,False
1987,Écosse,Finlay Calder,TroisiemeLigneAile,77,False
1987,Écosse,John Jeffrey,TroisiemeLigneAile,77,False
1987,Écosse,Derek Turnbull,TroisiemeLigneAile,77,False
1987,Écosse,Derek White,TroisiemeLigneCentre,77,False
1987,Écosse,Iain Paxton,TroisiemeLigneCentre,77,False
1987,Écosse,Roid Laidlaw,DemiDeMelee,77,False
1987,Écosse,Greig Oliver,DemiDeMelee,77,False
1987,Écosse,John Rutherford,DemiOuverture,77,False
1987,Écosse,Richard Cramb,DemiOuverture,77,False
1987,Écosse,Scott Hastings,Centre,77,False
1987,Écosse,Keith Robertson,Centre,77,False
1987,Écosse,Alan Tait,Centre,77,False
1987,Écosse,Douglas Wyllie,Ailier,77,False
1987,Écosse,Matt Duncan,Ailier,77,False
1987,Écosse,Iwan Tukalo,Ailier,77,False
1987,Écosse,Gavin Hastings,Arriere,89,True
1987,France,Pascal Ondarts,Pilier,84,False
1987,France,Jean-Pierre Garuet,Pilier,84,False
1987,France,Jean-Louis Tolot,Pilier,84,False
1987,France,Louis Armary,Pilier,84,False
1987,France,Daniel Dubroca,Talonneur,84,False
1987,France,Philippe Dintrans,Talonneur,84,False
1987,France,Alain Lorieux,DeuxiemeLigne,84,False
1987,France,Jean Condom,DeuxiemeLigne,84,False
1987,France,Francis Haget,DeuxiemeLigne,84,False
1987,France,Éric Champ,TroisiemeLigneAile,84,False
1987,France,Dominique Erbani,TroisiemeLigneAile,84,False
1987,France,Jean-Luc Joinel,TroisiemeLigneAile,84,False
1987,France,Laurent Rodriguez,TroisiemeLigneCentre,84,False
1987,France,Pierre Berbizier,DemiDeMelee,88,False
1987,France,Rodolphe Modin,DemiDeMelee,84,False
1987,France,Franck Mesnel,DemiOuverture,84,False
1987,France,Guy Laporte,DemiOuverture,84,False
1987,France,Alain Carminati,DemiOuverture,84,False
1987,France,Philippe Sella,Centre,90,False
1987,France,Denis Charvet,Centre,84,False
1987,France,Éric Bonneval,Centre,84,False
1987,France,Patrice Lagisquet,Ailier,84,False
1987,France,Didier Camberabero,Ailier,84,True
1987,France,Patrick Estève,Ailier,84,False
1987,France,Jean-Baptiste Lafond,Ailier,84,False
1987,France,Marc Andrieu,Ailier,84,False
1987,France,Serge Blanco,Arriere,91,True
1987,Roumanie,Ion Bucan,Pilier,63,False
1987,Roumanie,Gheorghe Leonte,Pilier,63,False
1987,Roumanie,Florea Opriș,Pilier,63,False
1987,Roumanie,Vasile Pascu,Pilier,63,False
1987,Roumanie,Emilian Grigore,Talonneur,63,False
1987,Roumanie,Vasile Ilcă,Talonneur,63,False
1987,Roumanie,Laurențiu Constantin,DeuxiemeLigne,63,False
1987,Roumanie,Gheorghe Dumitru,DeuxiemeLigne,63,False
1987,Roumanie,Cristian Raducanu,DeuxiemeLigne,63,False
1987,Roumanie,Nicolae Vereș,DeuxiemeLigne,63,False
1987,Roumanie,Hari Dumitras,TroisiemeLigneAile,63,False
1987,Roumanie,Florică Murariu,TroisiemeLigneAile,63,False
1987,Roumanie,Emilian Necula,TroisiemeLigneCentre,63,False
1987,Roumanie,Ștefan Constantin,TroisiemeLigneCentre,63,False
1987,Roumanie,Mircea Paraschiv,DemiDeMelee,63,False
1987,Roumanie,Teodor Coman,DemiDeMelee,63,False
1987,Roumanie,Dumitru Alexandru,DemiOuverture,63,False
1987,Roumanie,Romeo Bezușcu,DemiOuverture,63,False
1987,Roumanie,Vasile David,Centre,63,False
1987,Roumanie,Adrian Lungu,Centre,63,False
1987,Roumanie,Adrian Tinca,Centre,63,False
1987,Roumanie,Ștefan Tofan,Centre,63,False
1987,Roumanie,Liviu Hodorcă,Ailier,63,False
1987,Roumanie,Adrian Pllotschi,Ailier,63,False
1987,Roumanie,Marcel Toader,Ailier,63,False
1987,Roumanie,Vasile Ion,Arriere,63,False
1987,Roumanie,Alexandru Marin,Arriere,63,False
1987,Zimbabwe,George Elcome,Pilier,58,False
1987,Zimbabwe,Alex Nicholls,Pilier,58,False
1987,Zimbabwe,Andy Tucker,Pilier,58,False
1987,Zimbabwe,Keith Bell,Talonneur,58,False
1987,Zimbabwe,Lance Bray,Talonneur,58,False
1987,Zimbabwe,Jumbo Davidson,DeuxiemeLigne,58,False
1987,Zimbabwe,Neville Kloppers,DeuxiemeLigne,58,False
1987,Zimbabwe,Michael Martin,DeuxiemeLigne,58,False
1987,Zimbabwe,Malcolm Sawyer,DeuxiemeLigne,58,False
1987,Zimbabwe,Errol Bredenkamp,TroisiemeLigneAile,58,False
1987,Zimbabwe,Dirk Buitendag,TroisiemeLigneAile,58,False
1987,Zimbabwe,Rod Gray,TroisiemeLigneAile,58,False
1987,Zimbabwe,Mark Neill,TroisiemeLigneCentre,58,False
1987,Zimbabwe,Malcolm Jellicoe,DemiDeMelee,58,False
1987,Zimbabwe,Craig Brown,DemiOuverture,58,False
1987,Zimbabwe,Marthinus Grobler,DemiOuverture,58,False
1987,Zimbabwe,Andre Buitendag,Centre,58,False
1987,Zimbabwe,Campbell Graham,Centre,58,False
1987,Zimbabwe,Richard Tsimba,Centre,58,False
1987,Zimbabwe,Eric Barrett,Ailier,58,False
1987,Zimbabwe,Shawn Graham,Ailier,58,False
1987,Zimbabwe,Pete Kaulback,Ailier,58,False
1987,Zimbabwe,Kenyon Ziehl,Arriere,58,False
1987,Zimbabwe,Andy Ferreira,Arriere,58,False
